smiles,activity
C1=CC(=C(C=C1C(CN)O)O)O.[C@@H]([C@H](C(=O)O)O)(C(=O)O)O,0
CC(=O)OC1=CC=C(C=C1)O,0
CC(C)NC(=O)C1=CC=C(C=C1)CNNC.Cl,0
CC1=CC(=CC(=C1C(=O)O)O)O,0
C1=CC=C(C=C1)CN=C=S,0
COC(=O)C=Cc1cc(OC)c(OC)c(OC)c1,0
C1=CC(=C(C=C1C[C@@H](C(=O)O)N)O)O,0
C1=CC=C(C=C1)C(=O)CN.Cl,0
CNCC(=O)C1=CC(=C(C=C1)O)O.Cl,0
CCC(C)C(C1=CC=CC=C1)C(=O)OCC[N+](C)(CC)CC.[Br-],0
COC1=C(C(=C(C=C1)C(=O)O)O)OC,0
CCOC(=O)C1=C(C=C(C=C1C)OC)O,0
CC1=CC(=CC(=C1C(=O)OC)O)OC,0
CC(C)NCC(C1=CC=C(C=C1)NS(=O)(=O)C)O.Cl,0
C1=CC(=C(C=C1N)O)C(=O)[O-].[Na+],0
CCC(=O)C1=C(C=C(C=C1O)O)O,0
C1=CC(=C(C=C1[N+](=O)[O-])[N+](=O)[O-])O,0
CCCNC(C)(C)COC(=O)C1=CC=CC=C1.Cl,0
CCN(CC)CCNC(C1=CC=CC=C1)C(=O)OCCC(C)C.Cl.Cl,0
CC(C)(C)NCC(C1=CC(=C(C(=C1)Cl)N)Cl)O.Cl,0
CCN(CC)S(=O)(=O)C1=CC=C(C=C1)C(=O)O,0
COC1=CC=CC(=C1OC)C=O,0
CCCCC(CC)COC(=O)C1=CC=CC=C1O,0
CCN(CC)C(=O)/C(=C/C1=CC(=C(C(=C1)O)O)[N+](=O)[O-])/C#N,0
CC(=O)NC1=CC=C(C=C1)O,0
CCN(C)C(=O)OC1=CC=CC(=C1)[C@H](C)N(C)C.[C@@H]([C@H](C(=O)O)O)(C(=O)O)O,0
CC(=O)C1=C(C=C(C=C1OC)OC)O,0
C1=CC=C(C(=C1)C(=O)O)O,0
C1=C(C(=CC(=C1O)O)O)CCN.Cl,0
C1=CC(=CC=C1N)[As](=O)(O)O,0
CCC(CC1=C(C(=C(C=C1I)I)N)I)C(=O)O,0
CC(=O)NS(=O)(=O)C1=CC=C(C=C1)N,0
C1=CC=C(C=C1)CCNC(=O)CCCl,0
C1=CC(=CC(=C1)O)O,0
COC1=CC=C(C=C1)CC=C,0
CNC[C@@H](C1=CC(=C(C=C1)O)O)O.[C@@H]([C@H](C(=O)O)O)(C(=O)O)O,0
C1=CC(=CC=C1C(=O)O)S(=O)(=O)N,0
C1=CC(=CC=C1CCN)O,0
CN(C)C(=O)OC1=CC=CC(=C1)[N+](C)(C)C.COS(=O)(=O)[O-],0
CNCC1=CC=CC=C1.Cl,0
CC1=CC(=CC(=C1C(=O)OC)O)O,0
C1=CC(=CC=C1C(CC(=O)O)CN)Cl.Cl,0
C1=CC=C(C=C1)NC(=O)CCCCCCC(=O)NO,0
CC1=CC(=C(C=C1)C)OCCCC(C)(C)C(=O)O,0
C1=CC=C(C=C1)CNC(=O)CCCl,0
C1=CC(=CC=C1CC(C(=O)O)N)Cl,0
CCCC(=O)NC1=CC(=C(C=C1)OCC(CNC(C)C)O)C(=O)C.Cl,0
CC(=O)C1=C(C=C(C=C1)O)OC,0
CC(C)NCC(COC1=CC=C(C=C1)COCCOC(C)C)O.C(=C/C(=O)O)\C(=O)O,0
COC1=CC=C(C=C1)O,0
CC(C)(C(=O)O)OC1=CC=C(C=C1)Cl,0
COP(=S)(OC)OC1=CC(=C(C=C1Cl)Cl)Cl,0
CCCCCN(CCCCC)C(=O)C(CCC(=O)[O-])NC(=O)C1=CC(=C(C=C1)Cl)Cl.[Na+],0
COC1=CC=CC=C1O,0
CCC(C(C1=CC(=C(C=C1)O)O)O)N.Cl,0
C1=C(C=C(C=C1[N+](=O)[O-])[N+](=O)[O-])C(=O)N,0
COC1=CC(=CC(=C1OC)OC)C(=O)NCCCCCC(=O)O,0
CCCCCCCCNC(C)C(C1=CC=C(C=C1)SC(C)C)O,0
COC(=O)NC(=S)NC1=CC=CC=C1NC(=S)NC(=O)OC,0
CC1=CC(=C(C(=C1)C(C)(C)C)O)C(C)(C)C,0
CCCCCCOC1=CC=CC=C1C(=O)N,0
CC1=C(C(=C(C=C1OC)OC)C(=O)C)O,0
C1=CC=C(C=C1)CNN.Cl,0
CCC(C(C1=CC(=C(C=C1)O)O)O)NC(C)C.CS(=O)(=O)O,0
CCOC(=O)C(C)(C)OC1=CC=C(C=C1)Cl,0
CCCN(CCC)C(=O)C(CCC(=O)O)NC(=O)C1=CC=CC=C1,0
CC(=O)NC1=C(C=CC(=C1)[As](=O)(O)O)O,0
CCN(CC)CC(=O)NC1=C(C=CC=C1C)C.Cl,0
C1=C(C(=CC(=C1N)S(=O)(=O)N)S(=O)(=O)N)C(=C(Cl)Cl)Cl,0
CNC[C@@H](C1=CC(=CC=C1)O)O.Cl,0
CCN(CC)CCNC(=O)COC1=CC=C(C=C1)OC.Cl,0
CC1=C(C=C(C=C1[N+](=O)[O-])[N+](=O)[O-])C(=O)N,0
C[C@@H](C1=CC=C(C=C1)CC(C)C)C(=O)O,0
CNCC(C1=CC=C(C=C1)O)O,0
COC1=CC=C(C=C1)C=O,0
CCCCCCCCCC1=CC=C(C=C1)OCCOCCOCCOCCOCCOCCOCCOCCOCCO,0
CCCCOC(=O)C1=CC=C(C=C1)O,0
COc1cc(C)c(C(=O)O)c(OC(C)=O)c1,0
CC(=O)NC1=CC=C(C=C1)C(=O)O,0
COC1=C(C=CC(=C1)/C=C/C(=O)O)O,0
CCNC(=O)/C=C/C1=CC(=CC=C1)Br,0
C1=CC=C(C=C1)/C=C/C=C/C(=O)O,0
CCOC1=CC=C(C=C1)NC(=O)C,0
CCN(C1=CC=CC=C1C)C(=O)/C=C/C,0
C1=CC(=CC=C1CC(C(C(=O)O)O)(C(=O)O)O)O,0
CC(=O)N(CC(CO)O)C1=C(C(=C(C(=C1I)C(=O)NCC(CO)O)I)C(=O)NCCO)I,0
CCOC1=C(C=CC(=C1)C=O)O,0
C[C@H](CC1=CC=CC=C1)N(C)CC#C.Cl,0
C1=CC=C(C(=C1)CO)O,0
COC1=C(C=C(C=C1)C(=O)O)OC,0
C1=CC(=CC=C1C[C@@H](C(=O)O)N)O.Cl,0
CCCCOC(=O)C1=CC=CC=C1C(=O)OCCCC,0
CCCCCCCCCCCCC[N+](C)(C)Cc1ccccc1.O.[Cl-],1
COC1=C(C=CC(=C1)C=O)O,0
CC(=O)O.C1=CC(=C(C(=C1)Cl)/C=N/N=C(N)N)Cl,0
CC1=CC(=C(C=C1OC(=O)C)C(C)C)OCCN(C)C.Cl,0
CC(=O)OC1=CC=CC(=C1)O,0
CCCOC1=C(C=CC(=C1)N)C(=O)OCCN(CC)CC.Cl,0
CC(=O)NC1=CC=CC=C1,0
CC(C)OC1=CC=CC=C1OC(=O)NC,0
CC(=O)C1=CC(=C(C(=C1)OC)O)OC,0
CCCCNC(=O)NS(=O)(=O)C1=CC=C(C=C1)C,0
COC1=CC(=C(C=C1C=O)OC)OC,0
NC(Cc1cc(I)c(O)c(I)c1)C(=O)O.O.O,0
CC1=CC(=C(C(=C1/C=C/C(=C/C=C/C(=C/C(=O)O)/C)/C)C)C)OC,0
CCCCCCCCCCCCCCCC[N+](C)(C)CC1=CC=CC=C1.[Cl-],0
CCCCCCC1=C(C=C(C=C1)O)O,0
CC(=O)NC1=C(C(=C(C(=C1I)C(=O)O)I)NC(=O)C)I,0
C1=CC=C(C=C1)CC(=O)[O-].[Na+],0
COc1ccc(O)c(C(C)(C)C)c1,0
CC(=O)NC1=C(C=C(C(=C1I)C(=O)O)I)I,0
C1=CC(=CC=C1O)Cl,0
C1=CC(=CC=C1C(=O)O)S(=O)(=O)N(Cl)Cl,0
C(#N)C1=C(C(=C(C(=C1Cl)Cl)Cl)C#N)Cl,0
COC1=CC(=CC(=C1OC)OC)C(=O)OC,0
C1=CC(=CC=C1NC(=O)N)[As](=O)(O)O,0
C1=CC(=CC=C1O)O,0
C1=CC(=CC=C1[C@H]([C@@H](CO)NC(=O)C(Cl)Cl)O)[N+](=O)[O-],1
CCN(CC)CCNC(=O)C1=CC(=C(C=C1OC)N)Cl.Cl,0
CCCCC(C1=CC=CC=C1)O,0
C1=CC=C(C=C1)C[C@@H](C(=O)O)N,0
CC(C)NCC(C1=CC(=CC(=C1)O)O)O,0
C1=CC(=CC=C1CCCC(=O)O)N(CCCl)CCCl,0
C[C@@H]([C@@H](C1=CC(=CC=C1)O)O)N.[C@@H]([C@H](C(=O)O)O)(C(=O)O)O,0
CCC(=O)C1=CC=C(C=C1)O,0
Cc1ccc(O)cc1,0
CC(C)NCC(COC1=CC=CC=C1CC=C)O.Cl,0
C1=CC(=C(C(=C1CNNC(=O)C(CO)N)O)O)O.Cl,0
CCOC(=O)C1=CC(=CC=C1)N.CS(=O)(=O)O,0
CC(=O)OC1=CC=CC(=C1OC(=O)C)C(=O)O,0
CCCCCCCCCCCCCCCC(=O)OC[C@H]([C@@H](C1=CC=C(C=C1)[N+](=O)[O-])O)NC(=O)C(Cl)Cl,0
CC1=CC(=CC=C1)O,0
C1=CC(=C(C=C1[As](=O)(O)O)[N+](=O)[O-])O,0
CC(=O)N(CC(CO)O)C1=C(C(=C(C(=C1I)C(=O)NCC(CO)O)I)C(=O)NCC(CO)O)I,0
CC(C)/C=C/CCCCC(=O)NCC1=CC(=C(C=C1)O)OC,0
CC(C(=O)C1=CC(=CC=C1)Cl)NC(C)(C)C,0
C1=CC(=CC=C1N)S(=O)(=O)N,0
COC1=CC(=C(C=C1)OC)C(CNC(=O)CN)O.Cl,0
C1=CC(=C(C=C1[N+](=O)[O-])Cl)C(=O)N,0
C1=CC=C(C=C1)CCN=C(N)N=C(N)N.Cl,0
CN(CC#C)CC1=CC=CC=C1.Cl,0
CC(C)NCC(C1=CC(=C(C=C1)O)O)O.Cl,0
C1=CC(=C(C(=C1)O)O)C(=O)O,0
CCCN(CCC)S(=O)(=O)C1=CC=C(C=C1)C(=O)O,0
CCOC(=O)C1=CC=C(C=C1)N,0
CC(=O)C1=C(C=C(C=C1O)O)O,0
CN(C)C(=O)OC1=CC=CC(=C1)[N+](C)(C)C.[Br-],0
C1=CC=C(C=C1)CC(=O)NC(=O)N,0
C1=CC(=CC=C1C(=O)NCC(=O)O)N,0
C[C@](CC1=CC(=C(C=C1)O)O)(C(=O)O)N,0
COCCCC/C(=N\OCCN)/C1=CC=C(C=C1)C(F)(F)F.C(=C\C(=O)O)\C(=O)O,0
CC(C(C1=CC=CC=C1)O)NC.Cl,0
CC(C)N=C(N)/N=C(\N)/NC1=CC=C(C=C1)Cl.Cl,0
C1=CC=C(C=C1)CNC(=O)OCCO,0
CCCCNC1=CC=C(C=C1)C(=O)OCCOCCOCCOCCOCCOCCOCCOCCOCCOC,0
CNC1=CC=CC=C1C(=O)O,0
CCN(CC)CCNC(=O)C1=C(C=CC(=C1)S(=O)(=O)C)OC.Cl,0
CC(C)C(=O)NC1=CC(=C(C=C1)[N+](=O)[O-])C(F)(F)F,0
C1=CC(=C(C(=C1)Cl)CC(=O)N=C(N)N)Cl.Cl,0
C[C@](CC1=CC(=C(C=C1)O)O)(C(=O)O)NN,0
COC(=O)C1=CC=C(C=C1)O,0
CC1=CC=C(C=C1)S(=O)(=O)[N-]Cl.[Na+],0
C1=CC=C(C=C1)CCN.Cl,0
C1=CC(=CC=C1N)S(=O)(=O)NC(=O)N,0
CCC(=C)C(=O)C1=C(C(=C(C=C1)OCC(=O)O)Cl)Cl,0
CC(=O)CCC1=CC=C(C=C1)OC(=O)C,0
C1=CC=C(C=C1)CO,0
CC1=CC(=CC=C1)OC(=O)C,0
CC(=O)NC1=CC=C(C=C1)CC(=O)O,0
CCOC(=O)C1=C(C(=C(C=C1C)O)C=O)O,0
C1=C(C=C(C(=C1O)O)O)C(=O)O,0
C1=CC(=C(C=C1O)C(=O)O)O,0
CCN(CC)CCNC(=O)C1=CC=C(C=C1)N.Cl,0
COC1=CC(=CC(=C1O)OC)C(=O)O,0
CCCCOC1=C(C=CC(=C1)C(=O)OCCN(CC)CC)N.Cl,0
C1=CC=C(C=C1)CCO,0
CCCCCCCCC(=O)NCC1=CC(=C(C=C1)O)OC,0
CC(=O)C1=C(C=C(C=C1)OC)O,0
COC1=C(C=C(C=C1O)O)O,0
COP(=S)(OC)OC1=CC=C(C=C1)[N+](=O)[O-],0
CS(=O)(=O)C1=CC=C(C=C1)[C@H]([C@@H](CF)NC(=O)C(Cl)Cl)O,0
COC1=CC(=CC(=C1O)OC)/C=C/C(=O)O,0
COC1=CC=C(C=C1)C(=O)O,0
CCOC(=O)C1=C(C=C(C=C1C)O)O,0
C1=CC(=CC=C1[N+](=O)[O-])[As](=O)(O)O,0
C[C@@H]([C@@H](C1=CC(=C(C=C1)O)O)O)N,0
CC1=CC=CC=C1OCC(CO)O,0
COC(=O)CCc1ccc(OC)cc1O,0
CC(=O)NC1=CC(=CC=C1)O,0
COC1=C(C=CC=C1O)O,0
CC(=O)OC1=CC=CC=C1C(=O)O,0
CC[N+](C)(C)C1=CC(=CC=C1)O.[Cl-],0
CC(C)NCC(COC1=CC=C(C=C1)CC(=O)N)O,0
CS(=O)(=O)C1=CC=C(C=C1)[C@H]([C@@H](CO)NC(=O)C(Cl)Cl)O,0
CCN(CC)CCNC(=O)C1=CC=C(C=C1)NC(=O)C.Cl,0
CCCCCCCCCC1=CC=C(C=C1)O,0
CC(=O)NC1=C(C(=C(C(=C1I)C(=O)O)I)C(=O)NC)I,0
COC1=C(C(=CC=C1)OC)O,0
COC1=CC(=CC(=C1OC)OC)O,0
CCOC(=O)C1=C(C(=C(C(=C1O)Cl)O)Cl)C,0
COC1=CC(=CC(=C1OC)OC)/C=C/C(=O)N,0
C[C@@H]([C@@H](C1=CC=CC=C1)O)N,0
CCCNC(C)C(=O)NC1=CC=CC=C1C.Cl,0
CC(C)CC1=CC=C(C=C1)C(C)C(=O)O,0
CCOC(=O)C1=CC=C(C=C1)O,0
COC1=C(C=CC(=C1)CC=C)O,0
COC(=O)[C@H](CC1=CC=CC=C1)NC(=O)[C@H](CC(=O)O)N,0
CCCCNC1=CC=C(C=C1)C(=O)OCCN(C)C.Cl,0
CCCCOC1=CC=C(C=C1)CC(=O)NO,0
C1=CC(=CC=C1C(CN)O)O.Cl,0
COC1=CC(=CC(=C1OC)OC)/C=C/C(=O)O,0
CCOC1=CC=CC=C1C(=O)N,0
CC[N+](CC)(CC)CCOC1=C(C(=CC=C1)OCC[N+](CC)(CC)CC)OCC[N+](CC)(CC)CC.[I-].[I-].[I-],0
C1=CC=C(C(=C1)C(=O)CC(C(=O)O)N)N,0
CC(C(O)c1ccccc1)N(C)C,0
CC1=CC(=CC(=C1C(=O)O)O)OC,0
CCCNC(=O)NS(=O)(=O)C1=CC=C(C=C1)Cl,0
CC(=O)NC1=CC=C(C=C1)OC(=O)C,0
C1=CC=C(C=C1)CCCC(=O)[O-].[Na+],0
COC1=CC(=CC(=C1OC)OC)C=O,0
C1=CC(=C(C=C1CCN)O)O.Cl,0
CCOCCOC1=CC=CC=C1C(=O)N,0
CCOC1=CC=C(C=C1)NC(=O)CC(C)O,0
CC(C)(C)NCC(C1=CC=CC=C1Cl)O.Cl,0
CC1=CC(=C(C(=C1C(=O)O)O)C=O)O,0
C1=CC(=CC=C1C(=O)[O-])N.[K+],0
COC1=CC=CC(=C1O)O,0
CC(C)(C)NCC(C1=CC(=C(C=C1)O)CO)O,0
CN(CCCOC1=C(C=C(C=C1)Cl)Cl)CC#C.Cl,0
CC(=O)NC(CC1=CC=CC=C1)C(=O)O,0
C1=CC(=CC=C1C[C@@H](C(=O)O)N)N(CCCl)CCCl,0
C1=CC(=CC=C1CN)S(=O)(=O)N.Cl,0
CC(C)C1=C(C(=CC=C1)C(C)C)O,0
C1=CC(=CC=C1N=C=S)N=C=S,0
COC1=CC(=CC(=C1OC)OC)C(=O)O,0
CC1=C(C(=CC=C1)C(=O)O)O,0
CCN(CC)CCNC(=O)C1=CC(=C(C=C1OC)N)Br,0
C1=CC(=C(C=C1N)C(=O)O)O,0
CC1=C(C=CC(=C1)O)Cl,0
C1=CC(=CC=C1[C@H]([C@@H](COC(=O)CCC(=O)[O-])NC(=O)C(Cl)Cl)O)[N+](=O)[O-].[Na+],0
C1=CC(=CC=C1N)S(=O)(=O)N=C(N)N,0
C1=CC(=CC=C1C(=O)NCC(=O)NO)Cl,0
C[C@@H]([C@H](C1=CC=CC=C1)O)NC.Cl,0
CC([C@@H](C1=CC=CC=C1)O)NC,0
COC1=CC=CC=C1OCC(COC(=O)N)O,0
CC(C)(C)NCC(C1=CC(=CC(=C1)OC(=O)N(C)C)OC(=O)N(C)C)O.Cl,0
CC1=C(C(=CC=C1)C)OCC(C)N.Cl,0
C1=CC=C(C=C1)C(=O)O,0
CC(=O)C1=CC(=C(C=C1)O)OC,0
C1=CC(=C(C=C1/C=C/C(=O)O)O)O,0
C1=CC=C(C=C1)C(=O)NCCC(=O)O,0
CC(=O)O[Hg]C1=CC=CC=C1,1
CC[Hg]SC1=CC=CC=C1C(=O)[O-].[Na+],1
C1=CC=C(C(=C1)C(=O)[O-])O.[Na+],0
CCN(CC)C(=O)C1=CC(=C(C=C1)O)OC,0
CCCCOC(=O)C1=CC=C(C=C1)N,0
C1=CC=C(C=C1)C[C@H](C(=O)O)N,0
C(CO)N(C1=C(C(=C(C(=C1I)C(=O)NCC(CO)O)I)C(=O)NCC(CO)O)I)C(=O)CO,0
C1(=C(C(=C(C(=C1Cl)Cl)Cl)Cl)Cl)O,0
C/C=C/C1=CC=C(C=C1)OC,0
C1=CC=C(C=C1)CCNN.OS(=O)(=O)O,0
C1=CC(=C(C=C1[C@@H]([C@H](C(=O)O)N)O)O)O,0
C1=CC=C(C(=C1)C(=O)N)O,0
CN(C)CCOC(=O)COC1=CC=C(C=C1)Cl.Cl,0
CCOC1=C(C=CC(=C1)NC(=O)C)C(=O)OC,0
CCN(CC)C(=O)C1=CC=CC(=C1)C,0
CCN(CC)CCOC(=O)C1=CC=C(C=C1)N.Cl,0
CC1=CC(=CC(=C1Cl)C)O,0
CCC(CC)(C1=CC=CC=C1)C(=O)OCCOCCN(CC)CC,0
CC(C(C1=C(C=CC(=C1)OC)OC)O)N.Cl,0
CCCCC(CC)COC(=O)/C=C/C1=CC=C(C=C1)OC,0
CC[C@@H](C1=CC(=CC=C1)O)[C@@H](C)CN(C)C.Cl,0
CC1=C(C(=CC=C1)C(=O)O)OC(=O)C,0
COC1=C(C=C(C=C1)/C=C/C(=O)O)OC,0
CCCOC1=C(C=C(C=C1)C(=O)OCCN(CC)CC)N.Cl,0
COC1=CC=CC=C1OCC(CO)O,0
C1=CC=C2C(=C1)C(=CC(=O)N2)CC(C(=O)O)NC(=O)C3=CC=C(C=C3)Cl,0
C[C@H]1C[C@@H](C(=O)[C@@H](C1)[C@@H](CC2CC(=O)NC(=O)C2)O)C,0
CN1CCN(CC1)C2=NC3=C(C=CC(=C3)Cl)NC4=CC=CC=C42,0
C/C=C(/C)\C(=O)O[C@H]1CC[C@]2([C@H]3[C@@]1(O[C@@]24C[C@]5([C@@H]6CN7C[C@H](CC[C@H]7[C@@]([C@]6([C@H](C[C@]5([C@@H]4CC3)O)O)O)(C)O)C)O)O)C.Cl,0
C[C@@]12CCN([C@@H]1N(C3=C2C=C(C=C3)OC(=O)NC)C)C.C[C@@]12CCN([C@@H]1N(C3=C2C=C(C=C3)OC(=O)NC)C)C.OS(=O)(=O)O,0
CC(=O)O[C@H]1C[C@H](C(C2[C@]1(C3CC[C@]4([C@@H](C(=O)[C@@H]5[C@@]4([C@@]3([C@@H](C2)OC(=O)C)C)O5)C6=COC=C6)C)C)(C)C)OC(=O)C,0
CC(=O)OCC1=C(N2[C@@H]([C@@H](C2=O)NC(=O)CSC3=CC=NC=C3)SC1)C(=O)[O-].[Na+],0
C[C@@]12CCN([C@@H]1N(C3=C2C=C(C=C3)OC(=O)NC)C)C.C1=CC=C(C(=C1)C(=O)O)O,0
COC1=C(C(=C(C=C1)CN2CCNCC2)OC)OC.Cl.Cl,0
C1C2CC3CC1CC(C2)(C3)N.Cl,0
CC12CC3CC(C1)(CC(C3)(C2)N)C.Cl,0
CC(C12CC3CC(C1)CC(C3)C2)N.Cl,0
CC1=C(NC(=C1CCC(=O)O)CC2=C(C(=C(N2)/C=C\3/C(=C(C(=O)N3)C)C=C)C)CCC(=O)O)/C=C\4/C(=C(C(=O)N4)C=C)C,0
C1=CC2=C(C(=C1)O[C@H]3[C@@H]([C@H]([C@@H]([C@H](O3)CO)O)O)O)C(=O)C4=C([C@@H]2[C@@H]5C6=C(C(=CC=C6)O[C@H]7[C@@H]([C@H]([C@@H]([C@H](O7)CO)O)O)O)C(=O)C8=C5C=C(C=C8O)C(=O)O)C=C(C=C4O)C(=O)O,0
CN1C(=C2C(=NC=N2)N(C1=O)C)[O-].C[N+](C)(C)CCO,0
C1[C@H]([C@H](OC2=CC(=CC(=C21)O)O)C3=CC(=C(C4=C(C(=O)C=C(C=C34)[C@@H]5[C@@H](CC6=C(C=C(C=C6O5)O)O)OC(=O)C7=CC(=C(C(=C7)O)O)O)O)O)O)O,0
CC1CC2=CC=CC=C2N1NC(=O)C3=CC(=C(C=C3)Cl)S(=O)(=O)N,0
CS(=O)(=O)O.C1CCN(CC1)CCC(C2=CC=CC=C2)(C3=CC=CC=C3)O,0
C[C@@]12CC[C@H]3C(C1=CC(=O)O[C@H]2C4=COC=C4)C[C@@H]5C(=O)[C@]3([C@H](C(C5=O)(C)C)CC(=O)OC)C,0
C[C@@]12CCC3[C@](C1=CC(=O)O[C@H]2C4=COC=C4)(C[C@H]5C(=O)C([C@@H](C3(C5=O)C)CC(=O)O)(C)C)O,0
C[N+]1(CCC(C1)OC(=O)C(C2CCCC2)(C3=CC=CC=C3)O)C.[Br-],0
CC[C@]12CC[C@H]3[C@H]([C@@H]1CC[C@]2(C#C)O)CCC4=CC(=O)CC[C@H]34,0
CC(=O)OCC(=O)[C@]1(CC[C@@H]2[C@@]1(C[C@@H]([C@]3([C@H]2CCC4=CC(=O)CC[C@@]43C)F)O)C)O,0
CCCCCC(=O)O[C@@]1(CC[C@@H]2[C@@]1(CC[C@H]3[C@H]2CCC4=CC(=O)CC[C@]34C)C)C(=O)C,0
C[C@]12CCC(=O)C=C1CC[C@@H]3[C@@H]2CC[C@]4([C@H]3CC[C@]4(C#C)O)C,0
CC(=O)[C@]1(CC[C@@H]2[C@@]1(CC[C@H]3[C@H]2CCC4=CC(=O)CC[C@]34C)C)O,0
C[C@]12CCC(=O)C=C1CC[C@@H]3[C@@H]2CC[C@]4([C@H]3CC[C@@]4(C(=O)CO)O)C,0
C[C@]12CC[C@H]3[C@H]([C@@H]1CC[C@@H]2O)CCC4=CC(=O)CC[C@]34C,0
C[C@H]1C[C@@H]2[C@H](CC[C@]3([C@H]2CC[C@@]3(C(=O)C)OC(=O)C)C)[C@@]4(C1=CC(=O)CC4)C,0
C[C@]12CCC(=O)C=C1CC[C@@H]3[C@@H]2[C@H](C[C@]4([C@H]3CC[C@@]4(C(=O)CO)O)C)O,0
CC[C@H](/C=C/[C@@H](C)[C@H]1CC[C@@H]2[C@@]1(CC[C@H]3[C@H]2CCC4=CC(=O)CC[C@]34C)C)C(C)C,0
C[C@H]1C[C@H]2[C@@H]3CC[C@@H]([C@]3(C[C@@H]([C@@H]2[C@@]4(C1=CC(=O)CC4)C)O)C)C(=O)C,0
CC(=O)O[C@]1(CC[C@@H]2[C@@]1(CC[C@H]3[C@H]2CCC4=CC(=O)CC[C@H]34)C)C#C,0
C[C@]12CC[C@H]3[C@H]([C@@H]1CC[C@]2(C#C)O)CCC4=CC(=O)CC[C@H]34,0
CC(=O)[C@H]1CC[C@@H]2[C@@]1(CC[C@H]3[C@H]2CCC4=CC(=O)CC[C@]34C)C,0
CCCC(=O)O[C@@]1(CC[C@@H]2[C@@]1(C[C@@H]([C@H]3[C@H]2CCC4=CC(=O)CC[C@]34C)O)C)C(=O)CO,0
C[C@]12CCC(=O)C=C1CC[C@@H]3[C@@H]2[C@H](C[C@]4([C@H]3CC[C@@]4(C(=O)COC(=O)CCC(=O)O)O)C)O,0
CCC(=O)O[C@H]1CC[C@@H]2[C@@]1(CC[C@H]3[C@H]2CCC4=CC(=O)CC[C@]34C)C,0
CCCCC(=O)O[C@@]1(CC[C@@H]2[C@@]1(C[C@@H]([C@H]3[C@H]2CCC4=CC(=O)CC[C@]34C)O)C)C(=O)CO,0
CC(=O)OCC(=O)[C@]1(CC[C@@H]2[C@@]1(C[C@@H]([C@H]3[C@H]2CCC4=CC(=O)CC[C@]34C)O)C)O,0
CC(=O)OCC(=O)[C@H]1CC[C@@H]2[C@@]1(CC[C@H]3[C@H]2CCC4=CC(=O)CC[C@]34C)C,0
CCN(CC)CC.C[C@]12CCC(=O)C=C1CC[C@@H]3[C@@H]2[C@H](C[C@]4([C@H]3CC[C@@]4(C(=O)COP(=O)(O)O)O)C)O,0
C/C=C/1\[C@@H]2CC3=C([C@]1(CC(=C2)C)N)C=CC(=O)N3,0
[Li+].C1[C@@H]2N(C1=O)[C@H](/C(=C/CO)/O2)C(=O)[O-],0
C1C[C@@H](O[C@@H]1CO)N2C=CC(=NC2=O)N,0
CCCCCOC(=O)NC1=NC(=O)N(C=C1F)[C@H]2[C@@H]([C@@H]([C@H](O2)C)O)O,0
C[N+](C)(C)CCOP(=O)([O-])OP(=O)(O)OC[C@@H]1[C@H]([C@H]([C@@H](O1)N2C=CC(=NC2=O)N)O)O,0
C1=CN(C(=O)N=C1N)[C@H]2[C@@H]([C@@H]([C@H](O2)CO)O)O,0
C1=CN(C(=O)N=C1N)[C@H]2[C@H]([C@@H]([C@H](O2)CO)O)O,0
C1=CN(C(=O)N=C1N)[C@H]2C([C@@H]([C@H](O2)CO)O)(F)F.Cl,0
C([C@@H]1[C@@H]([C@@H]([C@H]([C@@H](O1)O[C@@H]2[C@H](O[C@@]([C@H]2O)(CO)O)CO)O)O)O)O,0
CC(=O)OCC(CCN1C=NC2=CN=C(N=C21)N)COC(=O)C,0
C[C@H](CN1C=NC2=C(N=CN=C21)N)OCP(=O)(O)O,0
CC(C)(C)C(=O)OCOP(=O)(COCCN1C=NC2=C(N=CN=C21)N)OCOC(=O)C(C)(C)C,0
CCCCCCC1=C(C=C(C=C1)O)O.C1=CC=C2C(=C1)C(=C3C=CC=CC3=N2)N,0
CC1=C(N(C2=C1C=C(C=C2)O)CC3=CC=C(C=C3)OCCN4CCCCCC4)C5=CC=C(C=C5)O.CC(=O)O,0
C[C@@H]1[C@H]([C@H](C[C@@H](O1)O[C@@H]2[C@H](O[C@H](C[C@@H]2O)O[C@@H]3[C@H](O[C@H](C[C@@H]3O)O[C@H]4CC[C@]5([C@@H](C4)CC[C@@H]6[C@@H]5CC[C@]7([C@@]6(CC[C@@H]7C8=CC(=O)OC8)O)C)C)C)C)O)O,0
C[C@@H]1[C@H]([C@H](C[C@@H](O1)O[C@@H]2[C@H](O[C@H](C[C@@H]2O)O[C@@H]3[C@H](O[C@H](C[C@@H]3O)O[C@H]4CC[C@]5([C@@H](C4)CC[C@@H]6[C@@H]5C[C@H]([C@]7([C@@]6(CC[C@@H]7C8=CC(=O)OC8)O)C)O)C)C)C)O)O,0
CC(=CC1C(C1(C)C)C(=O)OCC2=CC(=CC=C2)OC3=CC=CC=C3)C,0
CC1(C(C1C(=O)OCC2=CC(=CC=C2)OC3=CC=CC=C3)C=C(Cl)Cl)C,0
CC1(C(C1C(=O)OC(C#N)C2=CC(=CC=C2)OC3=CC=CC=C3)C=C(Cl)Cl)C,0
C1=NC2=NC=NC(=C2N1)N,0
CC1=C2C(=C3C=CC(=O)C=C3N2)C=CN1,0
CC1=C(C=C(C=C1)[C@H]2[C@@H]([C@H]([C@@H]([C@H](O2)CO)O)O)O)CC3=CC=C(S3)C4=CC=C(C=C4)F,0
CCO/C(=N/C1=C[N+](=NO1)N2CCOCC2)/[O-],0
C1C2CC3CC(C2)(CC1C3=O)O,0
C1CN(CCN1CCOCCO)C(C2=CC=CC=C2)C3=CC=C(C=C3)Cl.C1=CC=C2C(=C1)C=C(C(=C2CC3=C(C(=CC4=CC=CC=C43)C(=O)O)O)O)C(=O)O,0
CC1=CC=C(C=C1)S(=O)(=O)NC(=O)NN2CC3CCCC3C2,0
C1=CC=C2C(=C1)C(=C(C(=O)O2)CC3=C(C4=CC=CC=C4OC3=O)O)O,0
C[C@]12CC[C@@H](C([C@@H]1CC[C@@]3([C@@H]2CC=C4[C@]3(CC[C@@]5([C@H]4C[C@]6(C[C@@H]5OC6=O)C)C)C)C)(C)C)O,0
CC(C)(C1=CN=CC=C1)C(=O)C2=CN=CC=C2,0
CC(C)(CC1=CC=CC=C1)N(C)C(=O)CN(CCO)CC(=O)N(C)C(C)(C)CC2=CC=CC=C2,0
C[C@]12CC[C@H]3[C@H]([C@@H]1CCC2=O)CC(=C)C4=CC(=O)C=C[C@]34C,0
C1=CC2=C(C(=C1)O)C(=O)C3=C(C2OC4C(C(C(C(O4)CO)O)O)O)C=C(C=C3O)CO,0
CC(C)(C)CC(C)(C)C1=CC=C(C=C1)OCCOCC[N+](C)(C)CC2=CC=CC=C2.[Cl-],1
CC1=C(C=CC(=C1)C(C)(C)CC(C)(C)C)OCCOCC[N+](C)(C)CC2=CC=CC=C2.[Cl-],1
C1CN(CCN1CCCN2C(=O)N3C=CC=CC3=N2)C4=CC(=CC=C4)Cl.Cl,0
COC1=CC(=C(C(=C1)OC)C(=O)CCCN2CCCC2)OC.Cl,0
C1=CC(=CC=C1COC(CN2C=CN=C2)C3=C(C=C(C=C3)Cl)Cl)Cl.[N+](=O)(O)[O-],0
C1=CC(=C(C=C1Cl)Cl)COC(CN2C=CN=C2)C3=C(C=C(C=C3)Cl)Cl.[N+](=O)(O)[O-],0
C1=CC(=C(C(=C1)Cl)COC(CN2C=CN=C2)C3=C(C=C(C=C3)Cl)Cl)Cl.[N+](=O)(O)[O-],0
C[C@H](CCC=C(C)C)[C@H]1CC[C@@]2([C@@]1(CCC3=C2CC[C@@H]4[C@@]3(CC[C@@H](C4(C)C)OC(=O)C)C)C)C,0
C[C@H](CCC=C(C)C)[C@H]1CC[C@@]2([C@@]1(CCC3=C2CC[C@@H]4[C@@]3(CC[C@@H](C4(C)C)O)C)C)C,0
C[C@H](CCC=C(C)C)[C@@H]1CC[C@]2([C@]1(CCC3=C2CC[C@@H]4[C@@]3(CC[C@@H](C4(C)C)O)C)C)C,0
C1CC1COC2=C(C=CC(=C2)C(=O)NC3=C(C=NC=C3Cl)Cl)OC(F)F,0
C[C@H](CCC(=O)O)[C@H]1CC[C@@H]2[C@@]1(C(=O)C[C@H]3[C@H]2C(=O)C[C@H]4[C@@]3(CCC(=O)C4)C)C,0
C[C@H](CCC(=O)[O-])[C@H]1CC[C@@H]2[C@@]1(C(=O)C[C@H]3[C@H]2C(=O)C[C@H]4[C@@]3(CCC(=O)C4)C)C.[Na+],0
C1CC2=C(C=CC(=C2)F)O[C@H]1[C@H](CNC[C@@H]([C@@H]3CCC4=C(O3)C=CC(=C4)F)O)O.Cl,0
CC1=C(C=C(C=C1)C(=O)NC2=C3C(=CC(=CC3=C(C=C2)S(=O)(=O)[O-])S(=O)(=O)[O-])S(=O)(=O)[O-])NC(=O)C4=CC(=CC=C4)NC(=O)NC5=CC=CC(=C5)C(=O)NC6=C(C=CC(=C6)C(=O)NC7=C8C(=CC(=CC8=C(C=C7)S(=O)(=O)[O-])S(=O)(=O)[O-])S(=O)(=O)[O-])C.[Na+].[Na+].[Na+].[Na+].[Na+].[Na+],0
C1CSSC1CCCCC(=O)O,0
C1CSSC1CCCCC(=O)N,0
CC1=C2COC(=O)C2=C(C(=C1OC)C/C=C(\C)/CCC(=O)OCCN3CCOCC3)O,0
C1=CC(=CC=C1CCO[C@H]2[C@@H]([C@H]([C@@H]([C@H](O2)CO)O)O)O)O,0
CC1=CC(=CC=C1)NC2=C(C=NC=C2)S(=O)(=O)NC(=O)NC(C)C,0
C1CN(CCC1(C2=CC=C(C=C2)Cl)O)CCCC(=O)C3=CC=C(C=C3)F,0
C1CN(CCC1(C2=CC=C(C=C2)Br)O)CCCC(=O)C3=CC=C(C=C3)F,0
CC(COC1=CC=CC=C1)N(CCCl)CC2=CC=CC=C2.Cl,0
C[C@@H](C(=O)N[C@H](CC(C)C)C(=O)N[C@@H](C)C(=O)N[C@H](C(C)C)C(=O)N[C@@H](C(C)C)C(=O)N[C@@H](C(C)C)C(=O)N[C@@H](CC1=CNC2=CC=CC=C21)C(=O)N[C@H](CC(C)C)C(=O)N[C@@H](CC3=CNC4=CC=CC=C43)C(=O)N[C@H](CC(C)C)C(=O)N[C@@H](CC5=CNC6=CC=CC=C65)C(=O)N[C@H](CC(C)C)C(=O)N[C@@H](CC7=CNC8=CC=CC=C87)C(=O)NCCO)NC(=O)CNC(=O)[C@H](C(C)C)NC=O,0
CN(C)CC/C=C\1/C2=CC=CC=C2COC3=C1C=C(C=C3)CC(=O)O.Cl,1
CN(C)CC/C=C/1\C2=CC=CC=C2COC3=CC=CC=C31.Cl,0
CCN(C1=CC=CC(=C1)C2=CC=NC3=C(C=NN23)C#N)C(=O)C,0
CC1=NC=C(C(=N1)N)CN(C=O)/C(=C(/CCOP(=O)(O)O)\SC(=O)C2=CC=CC=C2)/C,0
CC[N+](C)(C)CC1=CC=CC=C1Br.CC1=CC=C(C=C1)S(=O)(=O)[O-],0
CC(C)[C@@H](CC1=CC(=C(C=C1)OC)OCCCOC)C[C@@H]([C@H](C[C@@H](C(C)C)C(=O)NCC(C)(C)C(=O)N)O)N.CC(C)[C@@H](CC1=CC(=C(C=C1)OC)OCCCOC)C[C@@H]([C@H](C[C@@H](C(C)C)C(=O)NCC(C)(C)C(=O)N)O)N.C(=C/C(=O)O)\C(=O)O,0
CNCC(C1=CC=C(C=C1)O)O.CNCC(C1=CC=C(C=C1)O)O.[C@@H]([C@H](C(=O)O)O)(C(=O)O)O,0
C1=CC(=CC=C1N)S(=O)(=O)[O-].C1=CC(=CC=C1N)S(=O)(=O)[O-].[Zn+2],0
CCOCC(COC1=CC=C(C=C1)NC(=O)CC[S+](C)C)O.CC1=CC=C(C=C1)S(=O)(=O)[O-],0
CC(C)(C)NCC(C1=CC(=CC(=C1)O)O)O.CC(C)(C)NCC(C1=CC(=CC(=C1)O)O)O.OS(=O)(=O)O,0
CCCCN(CCCC)CCCOC(=O)C1=CC=C(C=C1)N.CCCCN(CCCC)CCCOC(=O)C1=CC=C(C=C1)N.OS(=O)(=O)O,0
CC(C)(CC1=CC=CC=C1)NC.CC(C)(CC1=CC=CC=C1)NC.OS(=O)(=O)O,0
CC(C)NCC(COC1=CC=C(C=C1)CCOC)O.CC(C)NCC(COC1=CC=C(C=C1)CCOC)O.[C@@H]([C@H](C(=O)O)O)(C(=O)O)O,0
CC1(C=CC2=C(O1)C=CC(=C2OC)C3=COC4=C(C3=O)C=C5CC(C(OC5=C4)(C)C)O)C,0
CC1=C(SC=C1)/C=C/C2=NCCCN2C.C(C(=O)O)C(CC(=O)O)(C(=O)O)O,0
CCCOC1=CC=CC=C1C2=NC3=NNN=C3C(=O)N2,0
CC1=CC(=O)N(C(=C1)CC(C)CC(C)(C)C)O.C(CO)N,0
CCN(CC)CCNC1=C2C(=C(C=C1)CO)SC3=CC=CC=C3C2=O,0
C[C@]12CC[C@H]3[C@H]([C@@H]1CC[C@@H]2OC(=O)CCC4CCCC4)CCC5=C3C=CC(=C5)O,0
CC(C1=CC2=C(C=C1)SC3=CC=CC=C3C(=O)C2)C(=O)O,0
CC1C(=O)OC2C1CCC1(C)CCC(=O)C(C)C21,0
CC1(CCCC(N1C)(C)C)C.[C@@H]([C@H](C(=O)O)O)(C(=O)O)O,0
CC(=O)CC1CCCCN1.Cl,0
CC1CCCC(N1)C,0
C1[C@@H]([C@H]([C@@H]([C@H](N1CCO)CO)O)O)O,0
C1CN(CCC12CNC(=O)O2)CCC3=CC=CC=C3.Cl,0
C1CCN[C@@H](C1)C2CC(C3CCCCN3C2)C(=O)O,0
CC1(C=CC2=C(O1)C=C(C3=C2O[C@@H]4COC5=CC(=C(C=C5[C@@H]4C3=O)OC)OC)O)C,0
CC1(C=CC2=C(O1)C=CC3=C2O[C@@H]4COC5=CC(=C(C=C5[C@@H]4C3=O)OC)OC)C,0
C1C2=C(C=CC(=C2Cl)Cl)N=C3N1CC(=O)N3.Cl,0
C1CN(CCN1CC(CO)O)C2=CC=CC=C2,0
C1=CC(=CC=C1OC2=C(C=C(C=C2)NC(=O)C3=C(C(=CC(=C3)I)I)O)Cl)Cl,0
CC[C@]12CC[C@H]3[C@H]([C@@H]1C=C[C@]2(C#C)O)CCC4=CC(=O)CC[C@H]34,0
CCOC1=CC=C(C=C1)CC2=C(C=CC(=C2)[C@H]3[C@@H]([C@H]([C@@H]([C@H](O3)CO)O)O)O)Cl,0
C[C@H]1CC[C@]2(C[C@@H]3C[C@H](O2)C/C=C(/[C@H]([C@H](/C=C/C=C/4\CO[C@H]\5[C@@]4([C@@H](C=C(/C5=N/O)C)C(=O)O3)O)C)O[C@H]6C[C@@H]([C@H]([C@@H](O6)C)O)OC)\C)O[C@@H]1C7CCCCC7,0
C[C@@H]1CC(=O)[C@]2([C@@H](O1)O[C@@H]3[C@H]([C@@H]([C@@H]([C@@H]([C@H]3O2)NC)O)NC)O)O.Cl.Cl,0
CO/N=C(/C1=CC=CO1)\C(=O)N[C@H]2[C@@H]3N(C2=O)C(=C(CS3)COC(=O)N)C(=O)[O-].[Na+],0
CC(OC(=O)C)OC(=O)C1=C(CS[C@H]2N1C(=O)[C@H]2NC(=O)/C(=N\OC)/C3=CC=CO3)COC(=O)N,0
CN(C)CCN(CC1=CC=CS1)C2=CC=CC=N2.Cl,0
CC(=O)OC1CCC2(C)C(CCC3C4CC=C(C(C)=O)C4(C)CCC32)C1,0
CC(C)N1CCN(CC1)C2=CC=C(C=C2)OC[C@H]3CO[C@](O3)(CN4C=NC=N4)C5=C(C=C(C=C5)Cl)Cl,0
CC1(CCOC(=O)C1)O,0
C([C@@H]1[C@H]([C@@H]([C@H](C(=O)O1)O)O)O)O,0
C1CC(=O)NC2=C1C=CC(=C2)OCCCCN3CCN(CC3)C4=C(C(=CC=C4)Cl)Cl,0
COC1=CC(=CC(=C1OC)OC)C(=O)NC2CCCNC2,0
C1CNC[C@H]([C@@H]1C2=CC=C(C=C2)F)COC3=CC4=C(C=C3)OCO4.Cl,0
C[C@]12CCC(=O)C(=C1CC[C@@H]3[C@@H]2CC[C@]4([C@H]3CCC4=O)C)O,0
CC(C)(C)CC(C)(C)C1=CC(=C(C(=C1)N2N=C3C=CC=CC3=N2)O)CC4=C(C(=CC(=C4)C(C)(C)CC(C)(C)C)N5N=C6C=CC=CC6=N5)O,0
CC(C)C1=CC2=CC[C@@H]3[C@@]([C@H]2CC1)(CCC[C@@]3(C)C(=O)O)C,0
CC1([C@@H](N2[C@H](S1)[C@@H](C2=O)NC(=O)C3=C(C=CC=C3OC)OC)C(=O)[O-])C.[Na+],0
CC(=O)N[C@H]1CCC2=CC(=C(C(=C2C3=CC=C(C(=O)C=C13)O)OC)OC)OC,0
CC(=O)N[C@H]1CCC2=CC(=C(C(=C2C3=CC=C(C(=O)C=C13)OC)OC)OC)OC,0
C1C(=O)NC(=O)N1/N=C/C2=CC=C(O2)[N+](=O)[O-],0
C[N+]1=CC=CC=C1/C=N/O.[Cl-],0
C1=CC(=C[N+](=C1)[O-])C(=O)O,0
C[N+]1=CC=CC(=C1)OC(=O)N(C)C.[Br-],0
C[N+]1=CC=CC(=C1)C(=O)[O-],0
CCCCCCCCCCCCCCCC[N+]1=CC=CC=C1.[Cl-],0
C1=CC(=C[N+](=C1)[O-])CO,0
C[N+]1=CC=CC=C1/C=N/O.CS(=O)(=O)[O-],0
COC(=O)/C(=C/1\C(=C(C(=O)O1)C2=CC=CC=C2)O)/C3=CC=CC=C3,0
CC1C=CC=CC=CC=CC=CC=CC=CC(OC2OC(C)C(O)C(N)C2O)CC(O)C(C(=O)O)C(O)CC(=O)CC(O)CC(O)CC(O)CC(=O)CCCC(=O)CC(=O)OC1C(C)CC(C)C(O)CC(=O)c1ccc(N)cc1,0
COC(=O)NC1=NC2=C(N1)C=C(C=C2)C(=O)C3=CC=CC=C3,0
COC(=O)NC1=NC2=C(N1)C=C(C=C2)C(=O)C3=CC=C(C=C3)F,0
COC1=C(C(=C(C=C1)[C@@H]2CC3=C(C(=C(C=C3)O)OC)OC2)OC)O,0
C1CC(=O)N[C@@H]1C(=O)N2CSC[C@H]2C(=O)O,0
CC(=O)OC1=CC=C(C=C1)/C=C/C2=CC(=CC(=C2)OC(=O)C)OC(=O)C,0
C1=CC(=CC=C1/C=C/C2=CC(=CC(=C2)O)O)O,0
CC/C(=C(/CC)\C1=CC=C(C=C1)O)/C2=CC=C(C=C2)O,0
COC1=CC(=CC(=C1)/C=C/C2=CC=C(C=C2)O)OC,0
CCN(CC1=CC=NC=C1)C(=O)C(CO)C2=CC=CC=C2,0
C1C[C@H](NC1)C(=O)O,0
C[C@H](CS)C(=O)N1CCC[C@H]1C(=O)O,0
CC(=O)OCC(=O)[C@]1(CC[C@@H]2[C@@]1(CC(=O)[C@H]3[C@H]2CCC4=CC(=O)CC[C@]34C)C)O,0
C[C@]12CCC(=O)C=C1CC[C@@H]3[C@@H]2C(=O)C[C@]4([C@H]3CC[C@@]4(C(=O)CO)O)C,0
CN1[C@@H](CCC1=O)C2=CN=CC=C2,0
C1CC(=O)NC(=O)C1N2C(=O)C3=CC=CC=C3C2=O,0
C1=CC(=C(C=C1F)F)C(CN2C=NC=N2)(CN3C=NC=N3)O,0
CCCCC[C@@H]1[C@H]([C@@H](OC(=O)[C@H]([C@H](OC1=O)C)NC(=O)C2=C(C(=CC=C2)NC=O)O)C)OC(=O)CC(C)C,0
CC1=CC=C(C=C1)S(=O)(=O)O.C1CN(CC1N)C2=C(C=C3C(=O)C(=CN(C3=N2)C4=C(C=C(C=C4)F)F)C(=O)O)F,1
CN1C2CCC1CC(C2)OC(C3=CC=CC=C3)C4=CC=CC=C4.CS(=O)(=O)O,0
CC(=O)N=C1N(N=C(S1)S(=O)(=O)N)C,0
CO/N=C/1\CN(CC1CN)C2=C(C=C3C(=O)C(=CN(C3=N2)C4CC4)C(=O)O)F.CS(=O)(=O)O,1
CC1(C(=O)N(C(=O)O1)C)C,0
CCC1(C(=O)N(C(=O)O1)C)C,0
CC1(C(=O)NC(=O)O1)C,0
C1OC2=C(O1)C=C(C=C2)C(=O)O,0
COC1=CC2=C(C=C1C=O)OCO2,0
CCCCOCCOCCOCC1=CC2=C(C=C1CCC)OCO2,0
C1OC2=C(O1)C=C(C=C2)/C=C/C=C/C(=O)O,0
C/C=C/C1=CC2=C(C=C1)OCO2,0
C=CCC1=CC2=C(C=C1)OCO2,0
COC1=C2C(=C(C(=C1)CC=C)OC)OCO2,0
COC1=CC(=CC(=C1OC)O)C2=COC3=CC(=C(C(=C3C2=O)O)OC)O[C@H]4[C@@H]([C@H]([C@@H]([C@H](O4)CO)O)O)O,0
CC1=CC(=CC=C1)N(C)C(=S)OC2=CC3=CC=CC=C3C=C2,0
C[C@H]1[C@H]2CC[C@@H]3[C@@]2(CC[C@H]4[C@H]3CC=C5[C@@]4(CC[C@@H](C5)N(C)C)C)CN1C,0
CC1([C@@H](N2[C@H](S1)[C@@H](C2=O)NC(=O)[C@@H](C3=CC=C(C=C3)O)N)C(=O)O)C,0
CCOC(=O)OC(C)OC(=O)[C@H]1C(S[C@H]2N1C(=O)[C@H]2NC(=O)[C@@H](C3=CC=CC=C3)N)(C)C.Cl,0
CC1([C@@H](N2[C@H](S1)[C@@H](C2=O)NC(=O)CC3=CC=CC=C3)C(=O)[O-])C.[K+],0
CC1([C@@H](N2[C@H](S1)[C@@H](C2=O)NC(=O)[C@@H](C3=CC=CC=C3)N)C(=O)[O-])C.[Na+],0
CC1([C@@H](N2[C@H](S1)[C@@H](C2=O)NC(=O)C(C3=CC=CC=C3)C(=O)[O-])C(=O)[O-])C.[Na+].[Na+],0
CNCCC=C1C2=CC=CC=C2CCC3=CC=CC=C31.Cl,0
CN(C)CCC=C1C2=CC=CC=C2CCC3=CC=CC=C31.Cl,0
CCC1=NN(C(=O)N1CCOC2=CC=CC=C2)CCCN3CCN(CC3)C4=CC(=CC=C4)Cl.Cl,0
C1=CC=C(C(=C1)CO)O[C@H]2[C@@H]([C@H]([C@@H]([C@H](O2)CO)O)O)O,0
C1=CC=C(C(=C1)C=O)O[C@H]2[C@@H]([C@H]([C@@H]([C@H](O2)CO)O)O)O,0
C1=CC(=CC=C1O)O[C@H]2[C@@H]([C@H]([C@@H]([C@H](O2)CO)O)O)O,0
CC(=O)[C@]1(CC[C@@H]2[C@@]1(CC[C@H]3[C@H]2C=C(C4=CC(=O)[C@@H]5C[C@@H]5[C@]34C)Cl)C)OC(=O)C,0
CC(=O)[C@]1(CC[C@@H]2[C@@]1(CC[C@H]3[C@H]2C=C(C4=CC(=O)[C@@H]5C[C@@H]5[C@]34C)Cl)C)O,0
C1=CC(=C[N+](=C1)[C@H]2[C@@H]([C@@H]([C@H](O2)COP(=O)([O-])OP(=O)(O)OC[C@@H]3[C@H]([C@H]([C@@H](O3)N4C=NC5=C(N=CN=C54)N)O)O)O)O)C(=O)N,0
CC[C@]12CC(=C)[C@H]3[C@H]([C@@H]1CC[C@]2(C#C)O)CCC4=CCCC[C@H]34,0
CC#C[C@@]1(CC[C@@H]2[C@@]1(C[C@@H](C3=C4CCC(=O)C=C4CC[C@@H]23)C5=CC=C(C=C5)N(C)C)C)O,0
C=CCCCCCCCCCCCC1=CC=CO1,0
C1=C(OC(=C1)[N+](=O)[O-])/C=N/NC(=O)N,0
CN/C(=C\[N+](=O)[O-])/NCCSCC1=CC=C(O1)CN(C)C.Cl,0
CC(C)C1=CC2=C(O1)C=CC3=C2O[C@@H]4COC5=CC(=C(C=C5[C@@H]4C3=O)OC)OC,0
CCCC(C)C1(C(=O)NC(=NC1=O)[S-])CC=C.[Na+],0
CCCC(C)C1(C(=O)NC(=NC1=O)[S-])CC.[Na+],0
CC1=CC=C(C=C1)C(=O)C2=C(C=C(C=C2)OC)O,0
COC1=CC(=C(C=C1)C(=O)C2=CC=CC=C2O)O,0
CC(C1=CC(=CC=C1)C(=O)C2=CC=CC=C2)C(=O)O,0
COc1cccc(C(=O)c2ccccc2)c1,0
COC1=CC(=CC(=C1C(=O)C2=CC=CC=C2)O)O,0
CC(C)OC(=O)C(C)(C)OC1=CC=C(C=C1)C(=O)C2=CC=C(C=C2)Cl,0
C1=CC=C(C=C1)C(=O)C2=CC=CC(=C2N)CC(=O)N,0
COC1=CC(=C(C=C1)C(=O)C2=CC=CC=C2)O,0
COC1=C(C=C(C(=C1)O)C(=O)C2=CC=CC=C2)S(=O)(=O)O,0
CC(C)(C(=O)O)OC1=CC=C(C=C1)C(=O)C2=CC=C(C=C2)Cl,0
CCOP(=S)(OCC)OC1=NC(=C(C=C1Cl)Cl)Cl,0
C1=CC(=CN=C1)CN,0
CCN(CC1=CN=C(C=C1)Cl)/C(=C/[N+](=O)[O-])/NC,0
CCC1=NC=CC(=C1)C(=S)N,0
C1=CN=CC=C1N,0
C1=CC(=NC(=C1)C(=O)O)C(=O)O,0
C1=CC(=CN=C1)C(=O)NCCO[N+](=O)[O-],0
C1=CN=CC=C1C(=O)NN,0
C1=CC=NC(=C1)CO,0
CC(C(C)(C)C)N=C(NC#N)NC1=CC=NC=C1,0
C1=CC(=CN=C1)CO.[C@@H]([C@H](C(=O)O)O)(C(=O)O)O,0
C1=CC(=CN=C1)C(=O)N,0
CC1=NC=C(C(=C1O)CO)CO.Cl,0
CCN(CC)C(=O)C1=CN=CC=C1,0
CC(C)NNC(=O)C1=CC=NC=C1.OP(=O)(O)O,0
CCCC1=NC=CC(=C1)C(=S)N,0
C1=CC(=CN=C1)C(=O)O,0
C1=CC(=CN=C1)CC(O)(P(=O)(O)O)P(=O)(O)[O-].[Na+],0
C[C@@]12CC[C@@H]3[C@]4(C=CC(=O)C(C4=C(C(=O)[C@]3([C@@]15[C@H](O5)C[C@H]2C6=COC=C6)C)O)(C)C)C,0
CC(=O)O[C@@H]1C[C@]2([C@@H](C[C@@H]3[C@]2(O3)[C@]4([C@H]1[C@]5(C=CC(=O)C(C5=C(C4=O)O)(C)C)C)C)C6=COC=C6)C,0
C[C@H]1C[C@@H]2[C@H]([C@H]([C@]3(O2)CC[C@H]4[C@@H]5CC=C6C[C@H](CC[C@@]6([C@H]5CC4=C3C)C)O)C)NC1,0
CC1=CC=C(C=C1)/C(=C\CN2CCCC2)/C3=CC=CC=N3.Cl,0
C[C@]12CCC(=O)C=C1C=C[C@@H]3[C@@H]2CC[C@]4([C@H]3CC[C@@]45CCC(=O)O5)C,0
C1[C@@H](N=C(N[C@H]1O)N)[C@H]2C(=O)NC[C@@H](C(=O)N[C@H](C(=O)N[C@H](C(=O)N/C(=C\NC(=O)N)/C(=O)N2)CO)CO)NC(=O)C[C@H](CCCN)N.OS(=O)(=O)O,0
CC1=C(C(C[C@@H](C1=O)O)(C)C)/C=C/C(=C/C=C/C(=C/C=C/C=C(/C=C/C=C(/C=C/C2=C(C(=O)[C@H](CC2(C)C)O)C)\C)\C)/C)/C,0
CC1=C(C(CCC1=O)(C)C)/C=C/C(=C/C=C/C(=C/C=C/C=C(/C=C/C=C(/C=C/C2=C(C(=O)CCC2(C)C)C)\C)\C)/C)/C,0
CC1=NC=CN=C1N2CCCCC2.OS(=O)(=O)O,0
C1=C(OC(=C1)[N+](=O)[O-])/C=N/NC(=O)C2=C(C(=CC(=C2)[N+](=O)[O-])[N+](=O)[O-])O,0
C1=CC(=CC=C1C(=O)N/N=C/C2=CC=C(O2)[N+](=O)[O-])O,0
CC1=[N+](C2=CC=CC=C2C(=C1)N)CCCCCCCCCC[N+]3=C(C=C(C4=CC=CC=C43)N)C.[Cl-].[Cl-],0
C[C@]12CC[C@H]3[C@H]([C@@H]1CC[C@@H]2O)CC[C@]45[C@@]3(CC(=C([C@H]4O5)O)C#N)C,0
CCCC1=NN(C2=C1N=C(NC2=O)C3=C(C=CC(=C3)S(=O)(=O)N4CCN(CC4)C)OCC)C.C(C(=O)O)C(CC(=O)O)(C(=O)O)O,0
C1=COC(=C1)CNC2=NC=NC3=C2NC=N3,0
C1CN(CCN1CCCCC2=CNC3=C2C=C(C=C3)C#N)C4=CC5=C(C=C4)OC(=C5)C(=O)N.Cl,0
CCCCCC1C(CCC1=O)CC(=O)OC,0
CC[C@@H]1[C@@]2([C@@H]([C@H](C(=O)[C@@H](C[C@@]([C@@H]([C@H](C(=O)[C@H](C(=O)O1)C)C)O[C@H]3[C@@H]([C@H](C[C@H](O3)C)N(C)C)O)(C)OC)C)C)N(C(=O)O2)CCCCN4C=C(N=C4)C5=CN=CC=C5)C,0
C1=CC(=O)OC2=CC(=C(C=C21)O[C@H]3[C@@H]([C@H]([C@@H]([C@H](O3)CO)O)O)O)O.O,0
CC(C)C1=NC(=CS1)CN(C)C(=O)N[C@@H](C(C)C)C(=O)N[C@@H](CC2=CC=CC=C2)C[C@@H]([C@H](CC3=CC=CC=C3)NC(=O)OCC4=CN=CS4)O,0
C1COC(=O)N1/N=C/C2=CC=C(O2)[N+](=O)[O-],0
CN1[C@@H]2CCC[C@H]1CC(C2)NC(=O)C3=NN(C4=CC=CC=C43)C.Cl,0
C1=CC(=C(C=C1C2=[O+]C3=CC(=CC(=C3C=C2O)O)O)O)O.[Cl-],0
CC(=O)OC1CC2CCC1(C2(C)C)C,0
CC1(C2CCC1(C(C2)O)C)C,0
CC1(C2CCC(C2)C1(C)NC)C.Cl,0
CC1([C@@H](N2[C@H](S1)[C@@H](C2=O)N3C(=O)[C@H](NC3(C)C)C4=CC=CC=C4)C(=O)[O-])C.[K+],0
CC[C@@H]1/C=C\2/C(=O)OC(=O)[C@@]2(CC3=C([C@H]([C@@H]1CC)O)C(=O)OC3=O)C,0
CCC1C=C2C(=O)OC(=O)C2CC2=C(C(=O)OC2=O)C(OC(C)=O)C1CC,0
CCC(=O)NCC[C@@H]1CCC2=C1C3=C(C=C2)OCC3,0
O=c1c(O)cccc2cc(O)c(O)c(O)c12,0
CC1=C(C(=O)C2=CC=CC=C2C1=O)C/C=C(\C)/CC/C=C(\C)/CC/C=C(\C)/CCC=C(C)C,0
CC1=CC(=O)C2=CC=CC=C2C1=O,0
CC(=CCC1=C(C(=O)C2=CC=CC=C2C1=O)OC)C,0
C1=CC2=C(C(=O)C=CC2=O)C(=C1)O,0
CC1=CC(=O)C2=C(C1=O)C=CC=C2O,0
CC1=C(C(=O)C2=CC=CC=C2C1=O)C/C=C(\C)/CCC[C@H](C)CCC[C@H](C)CCCC(C)C,0
COC1=CC(=O)c2ccccc2C1=O,0
CC1CCC2(C)C(C=O)=CCCC2C1(C)CC1OC(O)C(=O)C12CO2,1
C1CC(C=C1)CCCCCCCCCCCCC(=O)O,0
CC1=CC(=C(C2=C1C(=O)OC3=C(O2)C4=C(C(=C3C)O)C(=O)OC4O)C=O)O,0
C[C@@H]1CN(C[C@@H](N1)C)C2=C(C(=C3C(=C2F)N(C=C(C3=O)C(=O)O)C4CC4)N)F,1
C[C@@H]1CN(C[C@@H](N1)C)C2=C(C3=C(C(=C2F)F)C(=O)C(=CN3C4CC4)C(=O)O)F,1
C1CC1N2C=C(C(=O)C3=CC(=C(C=C32)N4CCNCC4)F)C(=O)O,1
CCN1CCN(CC1)C2=C(C=C3C(=C2)N(C=C(C3=O)C(=O)O)C4CC4)F,1
CC1CN(CCN1)C2=C(C=C3C(=C2OC)N(C=C(C3=O)C(=O)O)C4CC4)F,1
CN1CCCCC1C2=CN=C(C=C2)C3=CN=CC=C3.Cl,0
C[C@]12CC(=O)[C@H]3[C@H]([C@@H]1CC[C@@]2(C(=O)CO)O)CCC4=CC(=O)C=C[C@]34C,0
C1=CC(=CC2=NC3=C(C=CC(=C3)N)C=C21)N.OS(=O)(=O)O,0
C1=CC=C2C(=C1)C(=C3C=CC=CC3=N2)N,0
CCN(CC)CCCC(C)NC1=C2C=C(C=CC2=NC3=C1C=CC(=C3)Cl)OC.Cl.Cl,0
CCOC1=CC2=C(C3=C(C=C(C=C3)N)N=C2C=C1)N.CC(C(=O)O)O,1
CCC1(C(=O)NC(=O)NC1=O)C2=CC=CC=C2,0
COC1=CC(=CC(=C1OC)OC)CC2=CN=C(N=C2N)N,0
COC1=C(C=C(C=C1)CC2=CN=C(N=C2N)N)OC,0
C1CN(CCN1CCCC(=O)C2=CC=C(C=C2)F)C3=CC=CC=N3,0
CC[C@H]1[C@H](COC1=O)CC2=CN=CN2C.[N+](=O)(O)[O-],0
COC1=[N+](N=CC(=C1)N)C2=CC=CC=C2.COS(=O)(=O)[O-],0
CN1CCC=C(C1)C(=O)OC.Br,0
C1CC(C2=CC=CC=C2C1)C3=NCCN3.Cl,0
COC1=C(C=C2C(=C1)N=CN=C2NC3=CC(=C(C=C3)F)Cl)OCCCN4CCOCC4,0
C1C2CC(C1C=C2)C3NC4=CC(=C(C=C4S(=O)(=O)N3)S(=O)(=O)N)Cl,0
CCC1(C(=O)C=CNC1=O)CC,0
C1=NC2=C(C(=O)NC(=N2)N)NC1=O,0
C1=CC(=C(C=C1C2=C(C(=O)C3=C(O2)C(=C(C=C3O)O)O[C@H]4[C@@H]([C@H]([C@@H]([C@H](O4)CO)O)O)O)O)O)O,0
CC12CCN(C1N(C3=C2C=C(C=C3)O)C)C.C(=C/C(=O)O)\C(=O)O,0
C[C@@]12CCN([C@@H]1N(C3=C2C=C(C=C3)OC(=O)NC)C)C,0
CC1=CC(=C(C=C1NC(=O)C2=C(C(=CC(=C2)I)I)O)Cl)C(C#N)C3=CC=C(C=C3)Cl,0
CC1=C(C2=CC3=NC(=CC4=NC(=CC5=C(C(=C(N5)C=C1N2)C(C)O)C)C(=C4CCC(=O)O)C)C(=C3C)CCC(=O)O)C(C)O,0
CC1=C(C2=CC3=NC(=CC4=NC(=CC5=C(C(=C(N5)C=C1N2)C=C)C)C(=C4CCC(=O)O)C)C(=C3C)CCC(=O)O)C=C,0
CN1C=NC(=C1SC2=NC=NC3=C2NC=N3)[N+](=O)[O-],0
C[C@]12CC[C@H]3[C@H]([C@@H]1CC[C@@H]2O)CCC4=C3C=CC(=C4)OC(=O)N(CCCl)CCCl,0
C[C@]12CC[C@H]3[C@H]([C@@H]1CC[C@]2(C#C)O)CCC4=C3C=CC(=C4)O,0
C[C@]12CC[C@H]3[C@H]([C@@H]1CC[C@@H]2O)CCC4=C3C=CC(=C4)O,0
C[C@]12CC[C@H]3[C@H]([C@@H]1C[C@@H]([C@@H]2O)O)CCC4=C3C=CC(=C4)O,0
C[C@]12CC[C@H]3[C@H]([C@@H]1CC[C@]2(C#C)O)CCC4=C3C=CC(=C4)OC,0
CCCCC(=O)O[C@H]1CC[C@@H]2[C@@]1(CC[C@H]3[C@H]2CCC4=C3C=CC(=C4)O)C,0
CCC(=O)O[C@@H]1C[C@H]2[C@@H]3CCC4=C([C@H]3CC[C@@]2([C@H]1OC(=O)CC)C)C=CC(=C4)OC(=O)CC,0
C[C@]12CC[C@H]3[C@H]([C@@H]1C[C@H]([C@@H]2O)O)CCC4=C3C=CC(=C4)O,0
C1=CC=C(C=C1)C2=NC3=CC=CC=C3C(=C2)C(=O)O,0
CN1CCN2C(C1)C3=CC=CC=C3CC4=CC=CC=C42.Cl,0
CC(C1=NC(=NC(=C1/C=C/[C@@H](O)C[C@@H](O)CC(=O)[O-])C2=CC=C(C=C2)F)N(S(=O)(=O)C)C)C.CC(C1=NC(=NC(=C1/C=C/[C@@H](O)C[C@@H](O)CC(=O)[O-])C2=CC=C(C=C2)F)N(S(=O)(=O)C)C)C.[Ca+2],0
CNCCCC12CCC(C3=CC=CC=C31)C4=CC=CC=C24.Cl,0
C1=CC2=C(C(=C1)O)C(=O)C3=C([C@H]2[C@H]4[C@@H]([C@H]([C@@H]([C@H](O4)CO)O)O)O)C=C(C=C3O)CO,0
COC1=C(C=C2CC3=CC(=C(C=C3CC4=CC(=C(C=C4CC2=C1)OC)OC)OC)OC)OC,0
CCCCCCCCCCC[C@@H](C[C@H]1[C@@H](C(=O)O1)CCCCCC)OC(=O)[C@H](CC(C)C)NC=O,0
C1COC1=O,0
CC1=C(C(=O)C[C@@H]1OC(=O)[C@@H]2C(C2(C)C)C=C(C)C)C/C=C/C=C.CC1=C(C(=O)CC1OC(=O)[C@@H]2C(C2(C)C)/C=C(\C)/C(=O)OC)C/C=C/C=C,0
C1CCC2=NC3=CC=CC=C3C(=C2C1)N.Cl,0
C[C@]12CCC(=O)C=C1CC[C@@H]3[C@@H]2C(=O)C[C@]4([C@H]3CCC4=O)C,0
CC(=O)OC1CCC2(C)C(CCC3(C)C2C2OC2C24OC(=O)C5(CCC(C)C(C)C52)CCC34C)C1(C)C,0
CN1CCC2=CC3=C(C4=C2[C@@H]1CC5=CC=C(C=C5)OC6=C(C=CC(=C6)C[C@@H]7C8=CC(=C(C=C8CCN7C)OC)O4)OC)OCO3,0
C[C@H]1[C@@H]([C@H]([C@H]([C@@H](O1)O[C@H]2CC[C@@]3([C@H]4CC[C@@]5([C@H](CC[C@@]5([C@@H]4CCC3=C2)O)C6=COC(=O)C=C6)C)C)O)O)O,0
C[C@@H]1[C@@H]2[C@H](C(=O)N2C(=C1S[C@H]3C[C@H](NC3)C(=O)N(C)C)C(=O)O)[C@@H](C)O,1
C1=CN(N=C1)C(=N)N.Cl,1
CC1=CNN=C1,0
CC1=CNN=C1.Cl,0
C[C@H](CCC(=O)O)[C@H]1CC[C@@H]2[C@@]1(CC[C@H]3[C@H]2CC[C@H]4[C@@]3(CCCC4)C)C,0
C[C@]12CC[C@H](C[C@@H]1CCC3C2CC[C@]4(C3CC[C@@H]4O)C)O,0
C[C@H](CCCC(C)C)[C@H]1CC[C@@H]2[C@@]1(CC[C@H]3[C@H]2CC[C@@H]4[C@@]3(CC[C@@H](C4)O)C)C,0
C[C@H](CCC(=O)O)[C@H]1CC[C@@H]2[C@@]1([C@H](C[C@H]3[C@H]2[C@@H](C[C@H]4[C@@]3(CC[C@H](C4)O)C)O)O)C,0
C[C@H](CCCC(C)C)[C@H]1CC[C@@H]2[C@@]1(CC[C@H]3[C@H]2C[C@H]([C@@]4([C@@]3(CC[C@@H](C4)O)C)O)O)C,0
C[C@H](CCC(=O)OC)[C@H]1CC[C@@H]2[C@@]1([C@H](C[C@H]3[C@H]2[C@@H](C[C@H]4[C@@]3(CC[C@H](C4)O)C)O)O)C,0
CC(CCC(=O)O)[C@H]1CCC2[C@@]1(CCC3C2C[C@@H]([C@H]4[C@@]3(CC[C@H](C4)O)C)O)C,0
C[C@H](CCC(=O)O)[C@H]1CC[C@@H]2[C@@]1([C@H](C[C@H]3[C@H]2CC[C@H]4[C@@]3(CC[C@H](C4)O)C)O)C,0
C[C@H](CCC(=O)NCC(=O)O)[C@H]1CC[C@@H]2[C@@]1([C@H](C[C@H]3[C@H]2[C@@H](C[C@H]4[C@@]3(CC[C@H](C4)O)C)O)O)C,0
C[C@H](CCC(=O)O)[C@H]1CC[C@@H]2[C@@]1(CC[C@H]3[C@H]2CC[C@H]4[C@@]3(CC[C@H](C4)O)C)C,0
C[C@H](CCC(=O)OC)[C@H]1CC[C@@H]2[C@@]1([C@H](C[C@H]3[C@H]2CC[C@H]4[C@@]3(CC[C@H](C4)O)C)O)C,0
C[C@H](CCC(=O)O)[C@H]1CC[C@@H]2[C@@]1(CC[C@H]3[C@H]2[C@@H](C[C@H]4[C@@]3(CC[C@H](C4)O)C)O)C,0
CC[C@H](CC[C@@H](C)[C@H]1CC[C@@H]2[C@@]1(CC[C@H]3[C@H]2CC[C@@H]4[C@@]3(CC[C@@H](C4)O)C)C)C(C)C,0
C[C@H](CCC(=O)O)[C@H]1CC[C@@H]2[C@@]1(CC[C@H]3[C@H]2[C@H](C[C@H]4[C@@]3(CC[C@H](C4)O)C)O)C,0
CC1=C(C(=NO1)C2=CC=CC=C2Cl)C(=O)N[C@H]3[C@@H]4N(C3=O)[C@H](C(S4)(C)C)C(=O)[O-].O.[Na+],0
CC1=C(C(=NO1)C2=CC=CC=C2)C(=O)N[C@H]3[C@@H]4N(C3=O)[C@H](C(S4)(C)C)C(=O)[O-].[Na+],0
CC1=C(C(=NO1)C2=C(C=CC=C2Cl)Cl)C(=O)N[C@H]3[C@@H]4N(C3=O)[C@H](C(S4)(C)C)C(=O)[O-].[Na+],0
CCC1(C(=O)NC(=O)NC1=O)CC,0
C[C@@]12CC[C@@H](C(=C)[C@@]13[C@H](O3)C(=O)OC2C4=COC=C4)[C@]5(C=CC(=O)C([C@@H]5CC(=O)OC)(C)C)C,0
CN1C(=NN=N1)SCC2=C(N3[C@@H]([C@@H](C3=O)NC(=O)[C@@H](C4=CC=CC=C4)O)SC2)C(=O)[O-].[Na+],0
C1C(=C(N2[C@H](S1)[C@@H](C2=O)NC(=O)[C@@H](C3=CC=CC=C3)O)C(=O)[O-])CSC4=NN=NN4CS(=O)(=O)[O-].[Na+].[Na+],0
CN1C(=NN=N1)SCC2=C(N3[C@@H]([C@@H](C3=O)NC(=O)[C@@H](C4=CC=CC=C4)OC=O)SC2)C(=O)[O-].[Na+],0
C1C(=C(N2[C@H](S1)[C@@H](C2=O)NC(=O)CC3=CC=CC=C3CN)C(=O)O)CSC4=NN=NN4CC(=O)O,0
C1=CC(=C(C=C1N)O)C(=O)O.C1=CN=CC=C1C(=O)NN,0
CC1=C(C(=CC=C1)C)OCC(=O)N[C@@H](CC2=CC=CC=C2)[C@H](C[C@H](CC3=CC=CC=C3)NC(=O)[C@H](C(C)C)N4CCCNC4=O)O,0
COC1=C2C(=C3C(=C1)C=CC(=O)O3)C=CO2,0
COC1=C2C=CC(=O)OC2=C3C=COC3=C1,0
COC1=C(C2=C(C=CO2)C3=C1C=CC(=O)O3)OC,0
C1(=NC(=O)N(C(=O)N1Cl)Cl)[O-].[Na+],0
CN(C)CCCOC1=NN(C2=CC=CC=C21)CC3=CC=CC=C3.Cl,0
C1=CC=C(C=C1)CN2C3=CC=CC=C3C(=N2)OCC(=O)O,0
CN1CCC[C@@H]1CC2=CNC3=C2C=C(C=C3)CCS(=O)(=O)C4=CC=CC=C4.Br,0
C[C@]12CCC(=O)C=C1C[C@H]([C@@H]3[C@]24[C@H](O4)C[C@]5([C@H]3CC[C@@]56CCC(=O)O6)C)C(=O)OC,0
CCN(CC)Cc1ccc(Nc2ccnc3cc(Cl)ccc23)cc1O.Cl.Cl,0
C1=CC=C(C(=C1)C(=O)OCC(CO)O)NC2=C3C=CC(=CC3=NC=C2)Cl,0
C1CN(CCN1CC2=CC3=C(C=C2)OCO3)C4=NC=CC=N4.Cl,0
C[C@]12CC[C@@]34C[C@@]35CC[C@@H](C([C@@H]5[C@H](C[C@H]4[C@@]1(C[C@@H]([C@@H]2[C@]6(CC[C@H](O6)C(C)(C)O)C)O)C)O[C@H]7[C@@H]([C@H]([C@@H]([C@H](O7)CO)O)O)O)(C)C)O[C@H]8[C@@H]([C@H]([C@@H](CO8)O)O)O,0
C1CC(CCC1C2=CC=C(C=C2)Cl)C3=C(C4=CC=CC=C4C(=O)C3=O)O,0
CN(C)C1=NC(=NC(=N1)N(C)C)N(C)C,0
CC1NC2=CC(=C(C=C2C(=O)N1C3=CC=CC=C3C)S(=O)(=O)N)Cl,0
CCOC1=C(C2=CC=CC=C2C=C1)C(=O)N[C@H]3[C@@H]4N(C3=O)[C@H](C(S4)(C)C)C(=O)[O-].[Na+],0
CN[C@H]1CC[C@H](C2=CC=CC=C12)C3=CC(=C(C=C3)Cl)Cl.Cl,0
C1=CC=C(C=C1)C(C2=CC=CC=C2)(C3=CC=CC=C3Cl)N4C=CN=C4,0
CCOC1=NC2=CC=CC(=C2N1CC3=CC=C(C=C3)C4=CC=CC=C4C5=NNN=N5)C(=O)OC(C)OC(=O)OC6CCCCC6,0
CCC(C)N1C(=O)N(C=N1)C2=CC=C(C=C2)N3CCN(CC3)C4=CC=C(C=C4)OC[C@H]5CO[C@](O5)(CN6C=NC=N6)C7=C(C=C(C=C7)Cl)Cl.Cl,0
C[C@H]1/C=C/C=C(\C(=O)NC2=C(C3=C(C4=C(C(=C3O)C)O[C@@](C4=O)(O/C=C/[C@@H]([C@H]([C@H]([C@@H]([C@@H]([C@@H]([C@H]1O)C)O)C)OC(=O)C)C)OC)C)C5=C2N6C=CC(=CC6=N5)C)O)/C,1
C1CCN2CCC[C@H]([C@H]2C1)CO,0
C1=CC=C(C=C1)NC(=O)NC2=CC=CC=C2,0
C[C@H]1[C@@H]([C@H]([C@H]([C@@H](O1)OC[C@@H]2[C@H]([C@@H]([C@H]([C@@H](O2)OC3=C(C(=C4C(=C3)OC(=CC4=O)C5=CC=C(C=C5)OC)O)OC)O)O)O)O)O)O,0
C[C@H]1[C@@H]([C@H]([C@H]([C@@H](O1)OC[C@@H]2[C@H]([C@@H]([C@H]([C@@H](O2)OC3=CC(=C4C(=C3)OC(=CC4=O)C5=CC(=C(C=C5)OC)O)O)O)O)O)O)O)O,0
CCC1(C(=O)NCNC1=O)C2=CC=CC=C2,0
C1CN2CCC1C(C2)OC(=O)C3=CC=CC=C3,0
C1=CC=C2C(=C1)C=NN=C2NN.Cl,0
CCOC(=O)NNC1=NN=CC2=CC=CC=C21.Cl,0
C[C@@]12CC[C@@]3(C(=CC[C@H]4[C@]3(CC[C@@H]5[C@@]4(CC[C@@H](C5(C)C)O)C)C)[C@@H]1CC(CC2)(C)C)C,0
C[C@]12CC[C@@H](C([C@@H]1CC[C@@]3([C@@H]2CC=C4[C@]3(CC[C@@]5([C@H]4CC(CC5)(C)C)C(=O)O)C)C)(C)C)O,0
C[C@@H]1CC[C@@]2(CC[C@@]3(C(=CC[C@H]4[C@]3(C[C@H]([C@@H]5[C@@]4(C[C@H]([C@@H]([C@@]5(C)CO)O)O)C)O)C)[C@@H]2[C@H]1C)C)C(=O)O,0
CC(=O)O[C@H]1CC[C@]2([C@H](C1(C)C)CC[C@@]3([C@@H]2CC=C4[C@]3(CC[C@@]5([C@H]4CC(CC5)(C)C)C)C)C)C,0
CC(=O)O[C@@H]1CC[C@]2(C(C1(C)C)CC[C@@]3(C2CC=C4[C@]3(CC[C@@]5(C4CC(CC5)(C)C)C(=O)O)C)C)C,0
C[C@@H]1CC[C@@]2(CC[C@@]3(C(=CC[C@H]4[C@]3(CC[C@@H]5[C@@]4(CC[C@@H](C5(C)C)O)C)C)[C@@H]2[C@H]1C)C)C(=O)O,0
C[C@]12CC[C@@H]([C@@]([C@@H]1CC[C@@]3([C@@H]2CC=C4[C@]3(CC[C@@]5([C@H]4CC(CC5)(C)C)C(=O)O)C)C)(C)CO)O,0
C1=CC=C(C=C1)COC(=O)C2=CN=CC=C2,0
CC(C)(C)C(CCC1=CC=C(C=C1)Cl)(CN2C=NC=N2)O,0
C1=CC2=C(C(=C1)O)C(=O)C3=C(C2=O)C=CC=C3O,0
C1=CC=C2C(=C1)C(=O)C3=C(C2=O)C(=C(C=C3)O)O,0
CC1=CC2=C(C(=C1)O)C(=O)C3=C(C2=O)C=C(C=C3O)O,0
CC1=CC2=C(C(=C1)O)C(=O)C3=C(C2=O)C=C(C=C3O)OC,0
CC1=CC2=C(C(=C1)O)C(=O)C3=C(C2=O)C=CC=C3O,0
C1=CC=C2C(=C1)C(=O)C3=C(C2=O)C(=C(C=C3O)O)O,0
CC(=O)OC1=CC=CC2=C1C(=O)C3=C(C2=O)C=C(C=C3OC(=O)C)C(=O)O,0
C1=CC(=C2C(=C1NCCNCCO)C(=O)C3=C(C=CC(=C3C2=O)O)O)NCCNCCO.Cl.Cl,0
CCCC1=NC2=C(N1CC3=CC=C(C=C3)C4=CC=CC=C4C(=O)O)C=C(C=C2C)C5=NC6=CC=CC=C6N5C,0
CN1C2=C(C=C(C=C2)Cl)C(=NC(C1=O)O)C3=CC=CC=C3,0
C1CCC(CC1)C(CC2CCCCN2)C3CCCCC3.C(=C\C(=O)O)\C(=O)O,0
CN(C)CCCN1C2=CC=CC=C2CCC3=CC=CC=C31.Cl,0
CN(C)CCCN1C2=CC=CC=C2CCC3=C1C=C(C=C3)Cl.Cl,0
CC(CN1C2=CC=CC=C2CCC3=CC=CC=C31)CN(C)C.C(=C\C(=O)O)\C(=O)O,0
CNCCCN1C2=CC=CC=C2CCC3=CC=CC=C31.Cl,0
CC(=O)OC1=CC=CC=C1C(=O)NC2=NC=C(S2)[N+](=O)[O-],0
CN(C)C(=O)C(CCN1CCC(CC1)(C2=CC=C(C=C2)Cl)O)(C3=CC=CC=C3)C4=CC=CC=C4.Cl,0
CCCCC1C(=O)N(N(C1=O)C2=CC=C(C=C2)O)C3=CC=CC=C3,0
CCCCC1C(=O)N(N(C1=O)C2=CC=CC=C2)C3=CC=CC=C3,0
CC(C)(C)C(=O)C(N1C=NC=N1)OC2=CC=C(C=C2)Cl,0
CCN1C=C(C(=O)C2=C1N=C(C=C2)C)C(=O)O,0
CN(CC1=C(C(=CC(=C1)Br)Br)N)C2CCCCC2.Cl,0
C1CC(CCC1NCC2=C(C(=CC(=C2)Br)Br)N)O.Cl,0
CC1=C(C(=O)C=C2C1=CC=C3[C@]2(CC[C@@]4([C@@]3(CC[C@@]5([C@H]4C[C@](CC5)(C)C(=O)O)C)C)C)C)O,0
C[N+]1=CC2=C(C3=C(C=C2CC1)OCO3)OC.[Cl-],0
O=c1cccc(C=Cc2ccc3c(c2)OCO3)o1,0
C1CCN(CC1)C2(CCN(CC2)CCCC(=O)C3=CC=C(C=C3)F)C(=O)N,0
CN1C2=C(C(=O)N(C1=O)C)NC(=N2)Cl.CN(C)CCOC(C1=CC=CC=C1)C2=CC=CC=C2,0
CC1=CN(C(=O)C=C1)C2=CC=CC=C2,0
C[C@H]1/C=C/C=C/2\CO[C@H]3[C@@]2([C@@H](C=C([C@H]3O)C)C(=O)O[C@H]4C[C@@H](C/C=C(/[C@H]1O[C@H]5C[C@@H]([C@H]([C@@H](O5)C)O[C@H]6C[C@@H]([C@H]([C@@H](O6)C)O)OC)OC)\C)O[C@]7(C4)C=C[C@@H]([C@H](O7)C8CCCCC8)C)O,0
CCOCCN1C(=NC2=CC=CC=C12)N3CCN(CCC3)C.C(=C/C(=O)O)\C(=O)O.C(=C/C(=O)O)\C(=O)O,0
CC1=C(C=CN=C1C[S@@](=O)C2=NC3=CC=CC=C3N2)OCC(F)(F)F,0
COC1=C(C(=NC=C1)CS(=O)C2=NC3=C(N2)C=C(C=C3)OC(F)F)OC,0
CC1=CN=C(C(=C1OC)C)CS(=O)C2=NC3=C(N2)C=C(C=C3)OC,0
CC1=C(C=CN=C1CS(=O)C2=NC3=CC=CC=C3N2)OCC(F)(F)F,0
COC1=C(C2=C[N+]3=C(C=C2C=C1)C4=CC5=C(C=C4CC3)OCO5)OC.[Cl-],0
CC1CC(CC(C1)(C)C)OC(=O)C2=CC=CC=C2O,0
C1=CC=C(C=C1)C(=O)OOC(=O)C2=CC=CC=C2,0
CC(C)C1=CC2=C(C=C1)OC3=NC(=C(C=C3C2=O)C(=O)O)N,0
CCC1=C(C(=NC(=N1)N)N)C2=CC=C(C=C2)Cl,0
CC[N+](C)(CC)CCOC(=O)C(C1CCCCC1)(C2=CC=CC=C2)O.[Br-],0
CN(C)CC(C1=CC=C(C=C1)OC)C2(CCCCC2)O.Cl,0
CCN(CC)CCOC(=O)C(C1CCCCC1)C2=CC=CC=C2.Cl,0
CN(C)CC(C1=CC=C(C=C1)O)C2(CCCCC2)O.C(CC(=O)O)C(=O)O,0
CCN(CC)CC#CCOC(=O)C(C1CCCCC1)(C2=CC=CC=C2)O.Cl,0
CC(C)[C@H]1CC2=C(O1)C=CC3=C2O[C@@H]4COC5=CC(=C(C=C5[C@@H]4C3=O)OC)OC,0
CC(=C)[C@H]1CC2=C(O1)C=CC3=C2O[C@@H]4COC5=CC(=C(C=C5[C@@H]4C3=O)OC)OC,0
CC1=C(C=C(C=C1)NC(=O)C2=CC=C(C=C2)CN3CCN(CC3)C)NC4=NC=CC(=N4)C5=CN=CC=C5,0
COC(=O)C(C1CCCCN1)C2=CC=CC=C2.Cl,0
CC(C)(C)[C@@H](C(=O)N[C@@H](CC1=CC=CC=C1)[C@H](CN(CC2=CC=C(C=C2)C3=CC=CC=N3)NC(=O)[C@H](C(C)(C)C)NC(=O)OC)O)NC(=O)OC.OS(=O)(=O)O,0
CN1CCN(CC1)C2=C(C=C3C4=C2SCCN4C=C(C3=O)C(=O)O)F.Cl,1
CC1=CN=C(S1)NC(=O)C2=C(C3=CC=CC=C3S(=O)(=O)N2C)O,0
C1=CC=C(C=C1)C2=CC=C(C=C2)C(C3=CC=CC=C3)N4C=CN=C4,0
COC1=CC(=CC(=C1OC)OC)C(=O)N2CCOCC2,0
COC1=NC2=C(C3=C(C=C(C=C3)Cl)N=C2C=C1)NC4=CC(=C(C(=C4)CN5CCCC5)O)CN6CCCC6.OP(=O)(O)O.OP(=O)(O)O.OP(=O)(O)O.OP(=O)(O)O,0
CN[C@@H]1CCC2=C(C1)C3=C(N2)C=CC(=C3)C(=O)N.C(CC(=O)O)C(=O)O,0
C[C@]12CC[C@H]3C(=CCC4=C3C=CC(=C4)O)[C@@H]1CCC2=O,0
CC1=CC(=O)N(C(=C1)C2CCCCC2)O.C(CO)N,1
CC1=CC(=O)C(=CN1)C(=O)N[C@H](C2=CC=C(C=C2)O)C(=O)N[C@H]3[C@@H]4N(C3=O)C(=C(CS4)CSC5=NN=NN5C)C(=O)O,1
C1CCNC(C1)C2=CN=CC=C2.Cl,0
CN1CCN(CC1)C2=NC3=CC=CC=C3OC4=C2C=C(C=C4)Cl.C(CC(=O)O)C(=O)O,0
C1CN(CCN1)C2=NC3=CC=CC=C3OC4=C2C=C(C=C4)Cl,0
CC1CCC2=C3N1C=C(C(=O)C3=CC(=C2)F)C(=O)O,1
CCC1(C(=O)N(C(=O)N1)C)C2=CC=CC=C2,0
COC1=CC(=CC(=C1OC)OC)/C=C/C(=O)N2CCCCCCC2,0
C([C@H]([C@@H]1[C@@H]([C@@H]2[C@H](O1)O[C@@H](O2)C(Cl)(Cl)Cl)O)O)O,0
C1CCC(CC1)C(CCN2CCCC2)(C3=CC=CC=C3)O.Cl,0
CC(=O)OCC1=C(C(=O)[O-])N2C(=O)C(NC(=O)CCCC(N)C(=O)[O-])C2SC1.[Zn+2],0
CC(=CCC1=C(C2=CC=CC=C2C(=O)C1=O)O)C,0
C1=CC=C2C(=C1)C(=CC(=O)C2=O)O,0
C[C@H]1C(=O)N[C@H]2CSSC[C@H]3C(=O)N[C@H](C(=O)N[C@H](C(=O)N[C@@H](CSSC[C@H](NC(=O)CNC(=O)[C@@H](NC2=O)[C@@H](C)O)C(=O)N[C@@H](CC4=CC=C(C=C4)O)C(=O)O)C(=O)N[C@@H](CSSC[C@@H](C(=O)N3)N)C(=O)N[C@H](C(=O)N5CCC[C@H]5C(=O)N1)CC(=O)N)CC6=CC=C(C=C6)O)CCC(=O)O,0
CN(C(=O)CCC1=NN(C(=C1)C2=CC=C(C=C2)Cl)C3=CC=C(C=C3)OC)O,0
CC1=CC=C(C=C1)C2=CC(=NN2C3=CC=C(C=C3)S(=O)(=O)N)C(F)(F)F,0
COC1=C(C=C(C=C1)C2=CC(=NN2C3=CC=C(C=C3)S(=O)(=O)N)C(F)F)F,0
CN(C1=CC=C(C=C1)OC(=O)C2=CC=CO2)C(=O)C(Cl)Cl,0
CC1=C(C=CC(=C1)C2=CC(=C(C=C2)N=NC3=C(C4=C(C=C3)C(=CC(=C4N)S(=O)(=O)[O-])S(=O)(=O)[O-])O)C)N=NC5=C(C6=C(C=C5)C(=CC(=C6N)S(=O)(=O)[O-])S(=O)(=O)[O-])O.[Na+].[Na+].[Na+].[Na+],0
C1CCC(CC1)N2C(=NN=N2)CCCCOC3=CC4=C(C=C3)NC(=O)CC4,0
CN1CCC(=C2C3=CC=CC=C3SC4=CC=CC=C42)CC1.C(=C\C(=O)O)\C(=O)O,0
C[C@]12CC[C@H]3[C@H]([C@@H]1CC[C@@H]2O)CCC4=C3C=CC(=C4)OC(=O)C5=CC=CC=C5,0
CC[C@@H](CO)NC(=O)[C@H]1CN([C@@H]2CC3=CN(C4=CC=CC(=C34)C2=C1)C)C.C(=C\C(=O)O)\C(=O)O,0
C[C@@H](CO)NC(=O)[C@H]1CN([C@@H]2CC3=CNC4=CC=CC(=C34)C2=C1)C.C(=C\C(=O)O)\C(=O)O,0
CCOC1=C(C=C(C=C1)CC2=NC=CC3=CC(=C(C=C32)OCC)OCC)OCC.Cl,0
COC1=C(C=C(C=C1)CC2=NC=CC3=CC(=C(C=C32)OC)OC)OC.Cl,0
C1CCN(CC1)CC(COC(=O)NC2=CC=CC=C2)OC(=O)NC3=CC=CC=C3.Cl,0
CN1CCC2=CC3=C(C=C2C1O)OCO3.Cl,0
C1=CC(=CC=C1CCC2=CNC3=C2C(=O)NC(=N3)N)C(=O)N[C@@H](CCC(=O)O)C(=O)O,0
C1=CC(=CC=C1CCC(=O)C2=C(C=C(C=C2O)O)O)O,0
CCCNCC(COC1=CC=CC=C1C(=O)CCC2=CC=CC=C2)O.Cl,0
CC[C@]1(CC[C@@H](O1)[C@@]2(CC[C@@]3(O2)C[C@@H]([C@H]([C@H](O3)[C@@H](C)[C@H]([C@H](C)C(=O)[O-])OC)C)O)C)[C@H]4[C@H](C[C@@H](O4)[C@@H]5[C@H](C[C@H]([C@@](O5)(CO)O)C)C)C.[Na+],0
C1=CN(C=N1)CC(O)(P(=O)(O)O)P(=O)(O)O,0
CCS(=O)(=O)CCN1C(=NC=C1[N+](=O)[O-])C,0
CC1=NC=C(N1CC(CCl)O)[N+](=O)[O-],0
CN1C(=CN=C1COC(=O)N)[N+](=O)[O-],0
CC1=NC=C(N1CC(C)O)[N+](=O)[O-],0
C1=C(NC=N1)CCN.Cl.Cl,0
CC1=NC=C(N1CCO)[N+](=O)[O-],0
CC1=CN=CN1,0
CN(C)/N=N/C1=C(NC=N1)C(=O)N,0
C1=C(NC=N1)C[C@@H](C(=O)O)NC(=O)CCN,0
CC1=C(N=CN1)CSCCNC(=NC)NC#N,0
CC1=NC=C(N1C)[N+](=O)[O-],0
NC1C(OC2C(C(=O)[O-])OC(COC3C(CO)OC(O)C(O)C3O)C(OS(=O)(=O)[O-])C2O)OC(COS(=O)(=O)[O-])C(O)C1O,0
CC1=C(C(=O)N(N1C)C2=CC=CC=C2)NC(=O)C3=CN=CC=C3,0
C1[C@H]([C@@H]([C@H]([C@@H]([C@H]1N)O[C@@H]2[C@@H]([C@H]([C@@H]([C@H](O2)CN)O)O)N)O[C@H]3[C@@H]([C@@H]([C@H](O3)CO)O)O)O)N.OS(=O)(=O)O,0
C[C@@]1(CC(=O)[C@@]2([C@]3([C@H](CCC(C3[C@@H]([C@@H]([C@]2(O1)C)O)O)(C)C)O)C)O)C=C,0
CC(=O)O[C@H]1[C@H]([C@@H]2[C@]([C@H](CCC2(C)C)O)([C@@]3([C@@]1(O[C@@](CC3=O)(C)C=C)C)O)C)O,0
CC1=C(C(=O)N2C=CSC2=N1)CCN3CCC(=C(C4=CC=C(C=C4)F)C5=CC=C(C=C5)F)CC3,0
CCC1(CC2=CC=CC=C2O1)C3=NCCN3.Cl,0
CC[C@]12CC[C@H]3[C@H]([C@@H]1CC[C@]2(C#C)OC(=O)C)CCC4=C/C(=N/O)/CC[C@H]34,0
CC1(CCC2=C3C(=C4C(=C2O1)C(=O)C(=CO4)C5=CC(=C(C=C5)O)O)C=CC(O3)(C)C)C,0
CC1(CCC2=C3C(=C4C(=C2O1)C(=O)C(=CO4)C5=CC=C(C=C5)O)C=CC(O3)(C)C)C,0
CC1=CC2=C(C=C1C)N(C=N2)[C@@H]3[C@@H]([C@@H]([C@H](O3)CO)OP(=O)([O-])O[C@H](C)CNC(=O)CC[C@@]4([C@H]([C@@H]5[C@]6([C@@]([C@@H](/C(=C(/C7=N/C(=C\C8=N/C(=C(\C4=N5)/C)/[C@H](C8(C)C)CCC(=O)N)/[C@H]([C@]7(C)CC(=O)N)CCC(=O)N)\C)/[N-]6)CCC(=O)N)(C)CC(=O)N)C)CC(=O)N)C)O.[C-]#N.[Co+3],0
CCC(C)CCCCC(=O)NC(CCN)C(=O)NC(C(C)O)C(=O)NC(CCN)C(=O)NC1CCNC(=O)C(NC(=O)C(NC(=O)C(NC(=O)C(NC(=O)C(NC(=O)C(NC1=O)CCN)CC2=CC=CC=C2)CC(C)C)CCN)CCN)C(C)O.OS(=O)(=O)O,0
CN[C@H]1[C@H]([C@@H]2[C@H](C[C@H]([C@H](O2)O[C@@H]3[C@H](C[C@H]([C@@H]([C@H]3O)O)N)N)N)O[C@@H]1O[C@@H]4[C@@H]([C@H]([C@@H]([C@H](O4)CO)N)O)O)O.OS(=O)(=O)O,1
COC1=CC2=C(C(=C1)OC)C(=C(C(=O)O2)C3=CC4=C(C=C3)OCO4)OC,0
C1=CC(=CC=C1C(C#N)C2=C(C=C(C=C2Cl)N3C(=O)NC(=O)C=N3)Cl)Cl,0
C1CC(C1)(C(=O)O)C(=O)O.[NH2-].[NH2-].[Pt+2],0
CN(CCOC1=CC=C(C=C1)CC2C(=O)NC(=O)S2)C3=CC=CC=N3.C(=C\C(=O)O)\C(=O)O,0
C1[C@H]([C@H]([C@@H](C[C@@]1(C(=O)O)O)OC(=O)/C=C/C2=CC(=C(C=C2)O)O)O)O,0
COC1=C(C=C(C=C1)C2=C(C(=O)C3=C(C=C(C=C3O2)OC)O)OC)OC,0
COC1=C(C=C(C=C1)C2=CC(=O)C3=C(C(=C(C(=C3O2)OC)OC)OC)O)OC,0
COC1=CC2=C(C=C1)C(=O)C=C(O2)C3=CC=CC=C3OC,0
C1=CC(=CC=C1C2=CC(=O)C3=C(C=C(C=C3O2)O)O)O,0
COC1=C(C2=C(C=C1)C(=O)C=C(O2)C3=CC=CC=C3)OC,0
COC1=CC=C(C=C1)C2=CC(=O)C3=C(O2)C=C(C=C3OC)OC,0
C1=CC=C(C=C1)C2=CC(=O)C3=C(O2)C=C(C(=C3O)O)O,0
COC1=CC=C(C=C1)C2=CC(=O)C3=C(O2)C(=C(C(=C3OC)OC)OC)OC,0
C1=C(C=C(C(=C1O)O)O)C2=CC(=O)C3=C(C=C(C=C3O2)O)O,0
COC1=CC(=C2C(=C1)OC(=C(C2=O)O)C3=CC(=C(C=C3)O)O)O,0
C1=CC=C(C=C1)C2=CC(=O)C3=C(O2)C(=C(C=C3)O)O,0
COC1=CC(=C2C(=C1)OC(=C(C2=O)O)C3=CC=CC=C3)O,0
C1=CC=C(C=C1)C2=CC(=O)C3=C(O2)C=C(C=C3)O,0
COC1=C(C=C(C=C1)C2=C(C(=O)C3=C(C(=C(C=C3O2)OC)OC)OC)OC)OC,0
CC1=CC(=CC2=C1C(=O)C=C(O2)C3=CC=CC=C3)OC,0
C1=CC(=C(C=C1C2=C(C(=O)C3=C(C=C(C=C3O2)O)O)O)O)O,0
C1=CC=C(C(=C1)C2=CC(=O)C3=C(O2)C=C(C=C3)O)O,0
COC1=CC=C(C=C1)C2=CC(=O)C3=C(C=C(C=C3O2)O)O,0
C1=CC(=C(C=C1O)O)C2=C(C(=O)C3=C(C=C(C=C3O2)O)O)O,0
COC1=CC2=C(C(=C1)OC)C(=O)C=C(O2)C3=CC=CC=C3,0
COC1=CC=C(C=C1)C2=CC(=O)C3=C(C(=C(C(=C3O2)OC)OC)OC)O,0
C1=CC=C(C=C1)C2=C(C(=O)C3=C(O2)C=C(C=C3)O)O,0
C1=CC=C(C=C1)C2=C(C(=O)C3=C(C=C(C=C3O2)O)O)O,0
C1=C(C=C(C(=C1O)O)O)C2=C(C(=O)C3=C(C=C(C=C3O2)O)O)O,0
COC1=CC=C(C=C1)C2=CC(=O)C3=CC=CC=C3O2,0
CCOC(=O)COC1=CC2=C(C=C1)C(=O)C=C(O2)C3=CC=CC=C3,0
C1=CC=C2C(=C1)C(=O)C(=C(O2)C3=CC=C(C=C3)O)O,0
COC1=C(C=C(C=C1)C2=CC(=O)C3=C(C(=C(C=C3O2)OC)OC)OC)OC,0
C1=CC(=C(C=C1C2=C(C(=O)C3=C(O2)C(=C(C=C3O)O)O)O)O)O,0
C1=CC(=CC(=C1)O)C2=CC(=O)C3=C(O2)C=CC(=C3)O,0
C1=CC=C(C=C1)C2=C(C(=O)C3=CC=CC=C3O2)O,0
COC1=C(C=C(C=C1)C2=C(C(=O)C3=C(O2)C=C(C=C3OC)OC)O)OC,0
C1=CC(=CC=C1C2=CC(=O)C3=C(O2)C=CC(=C3)O)O,0
CC(=O)OC1=CC=C(C=C1)C2=CC(=O)C3=C(O2)C=C(C=C3OC(=O)C)OC(=O)C,0
C1=CC=C(C(=C1)C2=CC(=O)C3=C(O2)C=CC(=C3)O)O,0
COC1=CC2=C(C=C1)OC(=CC2=O)C3=CC(=CC=C3)OC,0
C1=CC=C(C=C1)C2=CC(=O)C3=CC=CC=C3O2,0
COC1=C(OC2=CC(=CC(=C2C1=O)O)O)C3=CC=CC=C3,0
COC1=CC(=C(C=C1)C2=CC(=O)C3=C(O2)C(=C(C=C3O)OC)OC)OC,0
COC1=CC=C(C=C1)C2=CC(=O)C3=C(C=C(C=C3O2)OC)O,0
COC1=CC=CC=C1C2=CC(=O)C3=C(O2)C=CC=C3OC,0
COC1=C(C=C(C=C1)C2=CC(=O)C3=C(O2)C(=C(C(=C3OC)OC)OC)OC)OC,0
C1=CC=C(C=C1)C2=CC(=O)C3=C(O2)C=CC(=C3)O,0
C1=CC=C(C=C1)C2=CC(=O)C3=C(C=C(C=C3O2)O)O,0
C1=CC(=C(C=C1C2=C(C(=O)C3=C(O2)C=C(C=C3)O)O)O)O,0
COC1=CC=C(C=C1)C2=C(C(=O)C3=C(C(=C(C=C3O2)OC)OC)OC)OC,0
C1=CC(=CC=C1C2=C(C(=O)C3=C(C=C(C=C3O2)O)O)O)O,0
C1=CC(=CC=C1C2=CC(=O)C3=C(O2)C=C(C=C3)O)O,0
C1=CC=C(C=C1)C2=C(C(=O)C3=C(C=CC=C3O2)O)O,0
COC1=CC2=C(C=C1)C(=O)C(=C(O2)C3=CC=CC=C3)OC,0
COC1=CC2=C(C(=C1)OC)C(=O)C(=C(O2)C3=CC=CC=C3)OC,0
COC1=CC=CC=C1OCCNCC(COC2=CC=CC3=C2C4=CC=CC=C4N3)O,0
COC1=CC=CC=C1OCCNCC(COC2=CC=CC3=C2C4=CC=CC=C4N3)O.O.OP(=O)(O)O,0
CC1=C(C(=C(C=C1)Cl)NC2=CC=CC=C2C(=O)[O-])Cl.[Na+],0
C1=CC=C(C(=C1)CC(=O)[O-])NC2=C(C=CC=C2Cl)Cl.[Na+],0
CC1=C(C=CC=C1Cl)NC2=CC=CC=C2C(=O)O,0
CC1=C(C(=CC=C1)NC2=CC=CC=C2C(=O)O)C,0
C1=CC=C(C(=C1)CC(=O)OCC(=O)O)NC2=C(C=CC=C2Cl)Cl,0
CC1=CC(=C(C=C1)NC2=C(C=CC=C2Cl)F)CC(=O)O,0
C1=CC=C(C(=C1)C(=O)O)NC2=CC=CC(=C2)C(F)(F)F,0
CCOP(=S)(OCC)OC1=NC(=NC(=C1)C)C(C)C,0
CC(C)NC1=NC=CC=N1,0
CC1=NC=C(C(=N1)N)CNC(=O)N(CCCl)N=O.Cl,0
CN1CCC2=CC(=C3C=C2[C@@H]1CC4=CC=C(C=C4)OC5=C(C=CC(=C5)C[C@H]6C7=C(O3)C(=C(C=C7CCN6C)OC)OC)OC)OC,0
CN1CCC2=CC(=C3C=C2[C@@H]1CC4=CC=C(C=C4)OC5=C(C=CC(=C5)C[C@@H]6C7=C(O3)C(=C(C=C7CCN6C)OC)OC)O)OC.Cl,0
CC(C1=CC2=CC=CC=C2S1)N(C(=O)N)O,0
CC(C)(C)NC(=O)[C@@H]1CN(CCN1C[C@H](C[C@@H](CC2=CC=CC=C2)C(=O)N[C@@H]3[C@@H](CC4=CC=CC=C34)O)O)CC5=CN=CC=C5.OS(=O)(=O)O,0
C1CN(CC2=CC=CC=C21)C(=N)N.C1CN(CC2=CC=CC=C21)C(=N)N.OS(=O)(=O)O,0
CC[C@@]1(C2=C(COC1=O)C(=O)N3CC4=CC5=C(C=CC(=C5CN(C)C)O)N=C4C3=C2)O.Cl,0
CC[C@@]1(C2=C(COC1=O)C(=O)N3CC4=CC5=CC=CC=C5N=C4C3=C2)O,0
CC[C@@]1(C2=C(COC1=O)C(=O)N3CC4=C(C3=C2)N=C5C=CC(=CC5=C4)O)O,0
CCC1(CC(=O)NC1=O)C,0
CCC1NC2=CC(=C(C=C2C(=O)N1)S(=O)(=O)N)Cl,0
CC1=C(C=C(C(=O)N1)C#N)C2=CC=NC=C2,0
C1=CN=CC=C1C2=CNC(=O)C(=C2)N,0
CC(=O)C1=C(C2=C(O1)C=C3C(=C2O)C(=O)C(=C(C3=O)OC)O)O,0
C1=CC(=C(C=C1Cl)Cl)CO/N=C(\CN2C=CN=C2)/C3=C(C=C(C=C3)Cl)Cl.[N+](=O)(O)[O-],0
CNC1=CC=CC=C1C(=O)N2CCC3=C(C2=O)NC4=CC=CC=C34,0
CC(=O)O[C@@H]1C[C@@H]2[C@](C=CC(=O)C2(C)C)([C@@H]3[C@@]1(C4=CC(=O)O[C@H]([C@@]4(CC3)C)C5=COC=C5)C)C,0
C[C@@H]1C[C@@H]([C@@H]2[C@H](C[C@H]([C@@](O2)(C(=O)C(=O)N3CCCC[C@H]3C(=O)O[C@@H]([C@@H]([C@H](CC(=O)[C@@H](/C=C(/C1)\C)CC=C)O)C)/C(=C/[C@@H]4CC[C@H]([C@@H](C4)OC)O)/C)O)C)OC)OC,0
CN(C)CCC(C1=CC=CC=C1)C2=CC=CC=N2.C(=C\C(=O)O)\C(=O)O,0
CC(C1=CC=CC=C1)(C2=CC=CC=N2)OCCN(C)C.C(CC(=O)O)C(=O)O,0
CC(C)N(CCC(C1=CC=CC=C1)(C2=CC=CC=N2)C(=O)N)C(C)C.OP(=O)(O)O,0
CN(C)CC[C@@H](C1=CC=C(C=C1)Cl)C2=CC=CC=N2.C(=C\C(=O)O)\C(=O)O,0
CN(C)CCC(C1=CC=C(C=C1)Br)C2=CC=CC=N2.C(=C\C(=O)O)\C(=O)O,0
CN(C)CCC(C1=CC=C(C=C1)Cl)C2=CC=CC=N2.C(=C\C(=O)O)\C(=O)O,0
CN(C)CCOC(C1=CC=C(C=C1)Cl)C2=CC=CC=N2.C(=C\C(=O)O)\C(=O)O,0
CCOC(=O)C1=CN=CN1C(C)C2=CC=CC=C2,0
C1=CC(=CC=C1CN2C=CN=C2)/C=C/C(=O)O.Cl,0
C1[C@H]([C@H](OC2=CC(=CC(=C21)O)O)C3=CC4=C(C(=C(C=C4[C@@H]5[C@@H](CC6=C(C=C(C=C6O5)O)O)O)O)O)C(=O)C(=C3)O)O,0
COC(=O)[C@@H]1[C@H](CC[C@@H]2[C@@H]1C[C@H]3C4=C(CCN3C2)C5=CC=CC=C5N4)O,0
COC(=O)[C@H]1[C@H](CC[C@@H]2[C@@H]1C[C@H]3C4=C(CCN3C2)C5=CC=CC=C5N4)O.Cl,0
C1C[C@@H]([C@@H]([C@@H]2[C@@H]1CN3CCC4=C([C@@H]3C2)NC5=CC=CC=C45)C(=O)O)O.O,0
C[C@]12CCCC([C@@H]1CC[C@@]3([C@@H]2CCO3)C)(C)C,0
C1CC1NC2=C3C(=NC(=N2)N)N(C=N3)[C@@H]4C[C@@H](C=C4)CO.C1CC1NC2=C3C(=NC(=N2)N)N(C=N3)[C@@H]4C[C@@H](C=C4)CO.OS(=O)(=O)O,0
CC1=CC(=O)C(=CC1=O)C(C)C,0
CC1=C(C(=O)C(=C(C1=O)OC)OC)CCCCCCCCCCO,0
CC1=C(C(=O)C(=C(C1=O)OC)OC)C/C=C(\C)/CC/C=C(\C)/CC/C=C(\C)/CC/C=C(\C)/CC/C=C(\C)/CC/C=C(\C)/CC/C=C(\C)/CC/C=C(\C)/CC/C=C(\C)/CCC=C(C)C,0
C1(=C(C(=O)C(=C(C1=O)O)O)O)O,0
CC(C)(C)C1=CC(=CC(=C1O)C(C)(C)C)SC(C)(C)SC2=CC(=C(C(=C2)C(C)(C)C)O)C(C)(C)C,0
C1CN(C[C@@H]1C(C2=CC=CC=C2)(C3=CC=CC=C3)C(=O)N)CCC4=CC5=C(C=C4)OCC5.Br,0
C[C@@]12CCC3[C@]4([C@H](C[C@H](C(C4CC(=O)[C@]3(C15C(O5)C(=O)O[C@H]2C6=COC=C6)C)(C)C)O)O)C,0
CC(=O)O[C@H]1C[C@H](C(C2[C@]1(C3CC[C@]4([C@@H](OC(=O)[C@@H]5[C@@]4([C@@]3(C(=O)C2)C)O5)C6=COC=C6)C)C)(C)C)OC(=O)C,0
C[C@@H]1[C@H]([C@@H]([C@H]([C@H](O1)O[C@@H]2[C@H](O[C@@H]([C@@H]([C@H]2O)O)O[C@@H]3[C@H](OC([C@@H]([C@H]3O)O)O)CO)CO)O)O)N[C@H]4C=C([C@H]([C@@H]([C@H]4O)O)O)CO,0
C1=CC=C(C=C1)C2=CC(=O)C3=C(C(=C(C=C3O2)O[C@H]4[C@@H]([C@H]([C@@H]([C@H](O4)C(=O)O)O)O)O)O)O,0
COC1=C(C=C(C=C1)C2CC(=O)NC2)OC3CCCC3,0
CCCC1=NC=C(C(=N1)N)C[N+]2=CC=CC=C2C.[Cl-],0
C1=CN=C(N=C1)NS(=O)(=O)C2=CC=C(C=C2)N,0
COC1=CN=C(N=C1)NS(=O)(=O)C2=CC=C(C=C2)N,0
CC1=CC(=NC(=N1)NS(=O)(=O)C2=CC=C(C=C2)N)C,0
CC1=NC(=NC=C1)NS(=O)(=O)C2=CC=C(C=C2)N,0
C1=CC(=CC=C1/C=N/N/C(=N/N=C/C2=CC=C(C=C2)Cl)/N)Cl.Cl,0
C1=CC2=C(C=C1Cl)N=C(O2)N,0
CC1=CC(=C(C=C1)N=CN(C)C=NC2=C(C=C(C=C2)C)C)C,0
C[C@@H]1CC(=O)CC(=O)[C@]12C(=O)C3=C(O2)C(=C(C=C3OC)OC)Cl,0
CCCCC(CC)COC1=CC(=C(C=C1)C2=NC(=NC(=N2)C3=CC=C(C=C3)OC)C4=C(C=C(C=C4)OCC(CC)CCCC)O)O,0
C[C@H](C1=CC=CC2=CC=CC=C21)NCCCC3=CC(=CC=C3)C(F)(F)F.Cl,0
CN1CCN2C(C1)C3=CC=CC=C3CC4=C2N=CC=C4,0
CN(C/C=C/C1=CC=CC=C1)CC2=CC=CC3=CC=CC=C32.Cl,0
C1COC[C@H]1OC2=CC=C(C=C2)CC3=C(C=CC(=C3)[C@H]4[C@@H]([C@H]([C@@H]([C@H](O4)CO)O)O)O)Cl,0
C1CCN(C1)CC2=NC3=CC=CC=C3N2CC4=CC=C(C=C4)Cl.Cl,0
CC(C)C1=C(C=CC2=C1CCC3C2(CCC(=O)C3(C)C)C)O,0
CC\1=C(C2=C(/C1=C\C3=CC=C(C=C3)S(=O)C)C=CC(=C2)F)CC(=O)O,0
C/C/1=C\CC[C@@]2([C@H](O2)[C@@H]3[C@@H](CC1)C(=C)C(=O)O3)C,0
C1CN2CC3=CCO[C@H]4CC(=O)N5[C@H]6[C@H]4[C@H]3C[C@H]2[C@@]61C7=CC=CC=C75.C1CN2CC3=CCO[C@H]4CC(=O)N5[C@H]6[C@H]4[C@H]3C[C@H]2[C@@]61C7=CC=CC=C75.OS(=O)(=O)O,0
C1=CC=C(C=C1)N2C(=O)C(C(=O)N2C3=CC=CC=C3)CCS(=O)C4=CC=CC=C4,0
C[C@@H]1C(=O)O[C@@H]2[C@]1([C@@]34C(=O)O[C@H]5[C@]3(C2)[C@@]6([C@@H](C5)C(C)(C)C)[C@H](C(=O)O[C@H]6O4)O)O,0
CC1=CC(=NN=C1NCCN2CCOCC2)C3=CC=CC=C3.Cl.Cl,0
C[C@]12CC[C@H]3[C@H]([C@@H]1CC[C@@H]2C(=O)NC(C)(C)C)CC[C@@H]4[C@@]3(C=CC(=O)N4)C,0
C[C@H]1[C@H]([C@@](C[C@@H](O1)O[C@@H]2[C@H]([C@@H]([C@H](O[C@H]2OC3=C4C=C5C=C3OC6=C(C=C(C=C6)[C@H]([C@H](C(=O)N[C@H](C(=O)N[C@H]5C(=O)N[C@@H]7C8=CC(=C(C=C8)O)C9=C(C=C(C=C9O)O)[C@H](NC(=O)[C@H]([C@@H](C1=CC(=C(O4)C=C1)Cl)O)NC7=O)C(=O)O)CC(=O)N)NC(=O)[C@@H](CC(C)C)NC)O)Cl)CO)O)O)(C)N)O.Cl,0
CC(C)C1=C(C2=C(C=C1)[C@]3(CCC4=C([C@@H]3CC2)COC4=O)C)O,0
CN1CC(=O)N2[C@@H](C1=O)CC3=C([C@H]2C4=CC5=C(C=C4)OCO5)NC6=CC=CC=C36,0
CN1CCC(=C2C3=CC=CC=C3C=CC4=CC=CC=C42)CC1.Cl,0
C1=CC=C2C(=C1)C=CC3=CC=CC=C3N2C(=O)N,0
C1CN(/C(=N/[N+](=O)[O-])/N1)CC2=CN=C(C=C2)Cl,0
C1=CN=C(C=N1)C(=O)N,0
CN(C)C1=NC=CN=C1.OS(=O)(=O)O,0
C1(=C(N=C(C(=N1)Cl)N)N)C(=O)N=C(N)N.Cl,0
CC1=C(N(C(=C1)CC(=O)[O-])C)C(=O)C2=CC=C(C=C2)Cl.[Na+],0
CC1=CC=C(C=C1)C(=O)C2=CC=C(N2C)CC(=O)[O-].[Na+],0
C1=CC(=CC=C1C(=O)N[C@@H](CCC(=O)O)C(=O)O)NCC2=CN=C3C(=N2)C(=NC(=N3)N)N,0
CN(CC1=CN=C2C(=N1)C(=NC(=N2)N)N)C3=CC=C(C=C3)C(=O)N[C@@H](CCC(=O)O)C(=O)O.O,0
CC1=CC=CC=C1C(=O)NC2=CC(=C(C=C2)C(=O)N3CCCC(C4=C3C=CC(=C4)Cl)O)C,0
CN1C(=O)N2C=NC(=C2N=N1)C(=O)N,0
CC1=CN=C(C=[N+]1[O-])C(=O)O,0
COC1=CC=CC=C1N2CCN(CC2)CC(COC3=CC=CC4=CC=CC=C43)O,0
CC[C@@H]1[C@@]([C@@H]([C@H](N(C[C@@H](C[C@@]([C@@H]([C@H]([C@@H]([C@H](C(=O)O1)C)O[C@H]2C[C@@]([C@H]([C@@H](O2)C)O)(C)OC)C)O[C@H]3[C@@H]([C@H](C[C@H](O3)C)N(C)C)O)(C)O)C)C)C)O)(C)O,0
C[C@H](CC(=O)[C@H]1C(O1)(C)C)[C@H]2C(=O)C[C@@]3([C@@]2(C[C@@H]([C@]45C3=CC[C@@H]6[C@]4(C5)CC[C@@H](C6(C)C)O[C@H]7[C@@H]([C@H]([C@@H](CO7)O)O)O)O)C)C,0
CN1C2CCC1CC(C2)O,0
CC(C)[C@@]12[C@@H](O1)[C@H]3[C@@]4(O3)[C@]5(CCC6=C([C@@H]5C[C@H]7[C@]4([C@@H]2O)O7)COC6=O)C,0
C1C(=C(N2[C@H](S1)[C@@H](C2=O)NC(=O)CN3C=NN=N3)C(=O)O)CSC4=NN=CS4,0
CC1=NN=C(S1)SCC2=C(N3[C@@H]([C@@H](C3=O)NC(=O)CN4C=NN=N4)SC2)C(=O)[O-].[Na+],0
CC1=C(C(=O)C2=C(C1=O)N3C[C@H]4[C@@H]([C@@]3([C@@H]2COC(=O)N)OC)N4)N,1
C1CN(CCC1C(=O)C2=CC=C(C=C2)F)CCN3C(=O)C4=CC=CC=C4NC3=O,0
CN1CCCN=C1/C=C/C2=CC=CS2.C1=CC=C2C(=C1)C=C(C(=C2CC3=C(C(=CC4=CC=CC=C43)C(=O)O)O)O)C(=O)O,0
C1CC[N+]2(C1)[C@@H]3CC[C@H]2CC(C3)OC(=O)C(C4=CC=CC=C4)(C5=CC=CC=C5)O.[Cl-],0
CC(C)C1=C(N(N(C1=O)C2=CC=CC=C2)C)CN(C)C(C)CC3=CC=CC=C3,0
CC(C)C1CCC(CC1)C(=O)N[C@H](CC2=CC=CC=C2)C(=O)O,0
C1CN(CCN1C(=O)CCBr)C(=O)CCBr,0
CCN(CC)C(=O)N1CCN(CC1)C.C(C(=O)O)C(CC(=O)O)(C(=O)O)O,0
C1CNCCN1,0
CC1=CC(=NO1)NC(=O)C2=C(C3=CC=CC=C3S(=O)(=O)N2C)O,0
C=CC(C1=CC(=O)C(OC)=CC1=O)c1ccc(O)cc1,0
CC1=C(C(=O)C(=C(C1=O)C)C(CCCCCC(=O)O)C2=CC=CC=C2)C,0
C=CC(C1=CC=CC=C1)C2=CC(=O)C=CC2=O,0
COC1=CC(=O)C(=CC1=O)C(C=C)C2=CC=CC=C2,0
COC1=CC=C(C=C1)C(C=C)C2=CC(=O)C(=CC2=O)OC,0
C1=CC(=C(C(=C1)F)CN2C=C(N=N2)C(=O)N)F,0
C[C@H]([C@@H]1[C@H]([C@@H]([C@H]([C@H](O1)O[C@@H]2[C@H](C[C@H]([C@@H]([C@H]2O)O[C@@H]3[C@@H]([C@H]([C@@](CO3)(C)O)NC)O)N)N)N)O)O)O,0
C1[C@@H]([C@H]([C@@H]([C@H]([C@@H]1N)O[C@@H]2[C@@H]([C@H]([C@@H]([C@H](O2)CO)O)N)O)O)O[C@@H]3[C@@H](C[C@@H]([C@H](O3)CN)O)N)N,1
C1[C@@H]([C@H]([C@@H]([C@H]([C@@H]1NC(=O)[C@H](CCN)O)O[C@@H]2[C@@H]([C@H]([C@@H]([C@H](O2)CO)O)N)O)O)O[C@@H]3[C@@H]([C@H]([C@@H]([C@H](O3)CN)O)O)O)N.O,1
C1C[C@H]([C@H](O[C@@H]1CN)O[C@@H]2[C@H](C[C@H]([C@@H]([C@H]2O)O[C@@H]3[C@@H]([C@H]([C@@H]([C@H](O3)CO)O)N)O)N)N)N,0
CNC(C)C1CCC(N)C(OC2C(N)CC(N)C(OC3OCC(C)(O)C(NC)C3O)C2O)O1.O=S(=O)(O)O,0
C1[C@H]([C@@H]([C@H]([C@@H]([C@H]1N)O[C@@H]2[C@@H]([C@H]([C@@H]([C@H](O2)CN)O)O)O)O)O[C@@H]3[C@@H]([C@H]([C@@H]([C@H](O3)CO)O)N)O)N.OS(=O)(=O)O,0
C1[C@@H]([C@H]([C@@H]([C@H]([C@@H]1N)O[C@@H]2[C@@H]([C@H]([C@@H]([C@H](O2)CO)O)N)O)O)O[C@@H]3[C@@H]([C@H]([C@@H]([C@H](O3)CN)O)O)N)N.OS(=O)(=O)O,0
C1C2=CC(=C(C=C2[C@H]3[C@@]1(COC4=C3C=CC(=C4)O)O)O)O,0
C1C2=CC(=C(C=C2[C@H]3[C@@]1(COC4=C3C=CC(=C4O)O)O)O)O,0
C[C@H](CCCC(C)C)[C@H]1CC[C@@H]\2[C@@]1(CCC/C2=C\C=C/3\C[C@H](CCC3=C)O)C,0
C[C@H](/C=C/[C@H](C)C(C)C)[C@H]1CC[C@@H]\2[C@@]1(CCC/C2=C\C=C/3\C[C@H](CCC3=C)O)C,0
C1=CC=C(C=C1)C2C(=O)C3=CC=CC=C3C2=O,0
C1=CC=C2C(=C1)C(=O)C(C2=O)C3=CC=C(C=C3)Br,0
COC1=CC=C(C=C1)C2C(=O)C3=CC=CC=C3C2=O,0
C1=CC=C2C(=C1)C(=O)C(C2=O)C3=CC=C(C=C3)Cl,0
CC1=C(C(C(=C(N1)C)C(=O)OCCN(C)CC2=CC=CC=C2)C3=CC(=CC=C3)[N+](=O)[O-])C(=O)OC.Cl,0
CC(C)(C(=O)O)O/N=C(/C1=CSC(=N1)N)\C(=O)N[C@H]2[C@@H]3N(C2=O)C(=C(CS3)C[N+]4=CC=CC=C4)C(=O)[O-],0
CN1C(=O)C=C(N(C1=O)CC2=CC=CC=C2C#N)N3CCC[C@H](C3)N.C1=CC=C(C=C1)C(=O)O,0
CC1=CC(=CC=C1)CN2CCN(CC2)C(C3=CC=CC=C3)C4=CC=C(C=C4)Cl.O.Cl.Cl,0
COC1=C(C(=C(C=C1)CN2CCN(CC2)C(C3=CC=C(C=C3)F)C4=CC=C(C=C4)F)OC)OC.Cl.Cl,0
C1CN(CCC1N2C3=C(C=C(C=C3)Cl)NC2=O)CCCN4C5=CC=CC=C5NC4=O,0
C1=C(C=C(C(=C1NC(=O)C2=C(C(=CC(=C2Cl)Cl)Cl)O)O)Cl)Cl,0
C1=CC=C(C=C1)NC(=O)C2=CC=CC=C2O,0
C1=CC(=C(C=C1[N+](=O)[O-])Cl)NC(=O)C2=C(C=CC(=C2)Cl)O,0
CC(=O)OC1=CC=CC=C1C(=O)NC2=CC=CC=C2,0
C1=CC=C(C=C1)C(=O)NC2=CC(=C(C=C2)C(=O)O)O,0
CC(=O)NS(=O)(=O)C1=CC=C(C=C1)NC(=O)C2=CC=CC=C2C(=O)O,0
CC1=C(C(=CC=C1)C)NC(=O)C2=CC=CC=C2C(=O)O,0
CN1C(=CC(=O)N(C1=O)C)NCCCN2CCN(CC2)C3=CC=CC=C3OC.Cl,0
CCCCCCNC(=O)N1C=C(C(=O)NC1=O)F,0
C1=C(NC(=O)NC1=O)C(=O)O,0
C1=CNC(=O)NC1=O,0
C1=C(C(=O)NC(=O)N1)F,0
CCC(C)(C)C1=CC=C(C=C1)CC(C)CN2C[C@H](O[C@H](C2)C)C.Cl,0
CC[C@@]12CCCN3[C@@H]1C4=C(CC3)C5=CC=CC=C5N4[C@](C2)(C(=O)OC)O,0
C[C@@]1([C@H]2C[C@H]3[C@@H](C(=O)C(=C([C@]3(C(=O)C2=C(C4=C1C=CC=C4O)O)O)O)C(=O)N)N(C)C)O.Cl,1
CN(C)[C@H]1[C@@H]2C[C@@H]3CC4=C(C=CC(=C4C(=C3C(=O)[C@@]2(C(=C(C1=O)C(=O)N)O)O)O)O)N(C)C.Cl,1
CN(C)[C@H]1[C@@H]2C[C@@H]3[C@@H](C4=C(C=CC(=C4C(=C3C(=O)[C@@]2(C(=C(C1=O)C(=O)N)O)O)O)O)Cl)O.Cl,1
C[C@@]1([C@H]2[C@@H]([C@H]3[C@@H](C(=O)C(=C([C@]3(C(=O)C2=C(C4=C1C=CC=C4O)O)O)O)C(=O)N)N(C)C)O)O,1
CC(C)(C)NCC(=O)NC1=CC(=C2C[C@H]3C[C@H]4[C@@H](C(=O)C(=C([C@]4(C(=O)C3=C(C2=C1O)O)O)O)C(=O)N)N(C)C)N(C)C,0
C[C@@]1([C@H]2C[C@H]3[C@@H](C(=O)C(=C([C@]3(C(=O)C2=C(C4=C(C=CC(=C41)Cl)O)O)O)O)C(=O)N)N(C)C)O.Cl,1
C[C@@H]1[C@H]2[C@@H]([C@H]3[C@@H](C(=O)C(=C([C@]3(C(=O)C2=C(C4=C1C=CC=C4O)O)O)O)C(=O)N)N(C)C)O.Cl,1
C[C@]12CCC(=O)C[C@@H]1CC[C@@H]3[C@@H]2CC[C@]4([C@H]3CCC4=O)C,0
CCCCCCCCCCC(C(=O)O)C1(CCC(=O)O1)C(=O)O,0
C1CC1N2C=C(C(=O)C3=CC(=C(C(=C32)Cl)N4CCC(C4)N)F)C(=O)O.Cl,1
COC1=C(C=CC(=C1)NS(=O)(=O)C)NC2=C3C=CC=CC3=NC4=CC=CC=C42,0
C[N+]1=C2C(=C3C=CC4=C(C3=C1)OCO4)C=CC5=CC6=C(C=C52)OCO6.[Cl-],0
COC1=CC(=CC(=C1OC)OC)/C=C/C(=O)N2CCC=CC2=O,0
N=C1NC(=O)N2CC12,0
C1=C2C(=CC(=C1O)O)OC3=C(C2=O)C(=C(C(=C3)O)[C@H]4[C@@H]([C@H]([C@@H]([C@H](O4)CO)O)O)O)O,0
CC(=O)S[C@@H]1CC2=CC(=O)CC[C@@]2([C@@H]3[C@@H]1[C@@H]4CC[C@]5([C@]4(CC3)C)CCC(=O)O5)C,0
C1C=C(N2[C@H](S1)[C@@H](C2=O)NC(=O)/C(=C\CC(=O)O)/C3=CSC(=N3)N)C(=O)O,0
CC/C=C(/C1=CSC(=N1)N)\C(=O)N[C@H]2[C@@H]3N(C2=O)C(=C(CS3)COC(=O)N)C(=O)OCOC(=O)C(C)(C)C.Cl,0
CC1(C2=C(C=C(C=C2)OC)C(=O)N(C1=O)CCC3=CC=C(C=C3)S(=O)(=O)NC(=O)NC4CCCCC4)C,0
COC1=CC=C(C=C1)N2C3=C(CCN(C3=O)C4=CC=C(C=C4)N5CCCCC5=O)C(=N2)C(=O)N,0
CCN[C@H]1CN(S(=O)(=O)C2=C1C=C(S2)S(=O)(=O)N)CCCOC,0
CC(C)(C)OC(=O)NCCC(=O)N[C@@H](CC1=CNC2=CC=CC=C21)C(=O)N[C@@H](CCSC)C(=O)N[C@@H](CC(=O)O)C(=O)N[C@@H](CC3=CC=CC=C3)C(=O)N,0
C1[C@H]([C@@H]([C@H]([C@@H]([C@H]1N)O[C@@H]2[C@@H]([C@H]([C@@H]([C@H](O2)CN)O)O)N)O[C@H]3[C@@H]([C@@H]([C@H](O3)CO)O[C@@H]4[C@@H]([C@H]([C@@H]([C@@H](O4)CN)O)O)N)O)O)N.OS(=O)(=O)O.OS(=O)(=O)O.OS(=O)(=O)O,0
C1[C@H]([C@@H]([C@H]([C@@H]([C@H]1N)O[C@@H]2[C@@H]([C@H]([C@@H]([C@H](O2)CO)O)O)N)O[C@H]3[C@@H]([C@@H]([C@H](O3)CO)O[C@@H]4[C@@H]([C@H]([C@@H]([C@@H](O4)CN)O)O)N)O)O)N.OS(=O)(=O)O,0
CC1=C(C(C[C@@H](C1)O)(C)C)/C=C/C(=C/C=C/C(=C/C=C/C=C(\C)/C=C/C=C(\C)/C=C/C(=O)[C@@]2(C[C@H](CC2(C)C)O)C)/C)/C,0
C1=CC(=C(C(=C1)F)C(=O)NC(=O)NC2=CC(=C(C=C2Cl)OC(C(C(F)(F)F)F)(F)F)Cl)F,0
C1=CC(=C(C(=C1)F)C(=O)NC(=O)NC2=CC=C(C=C2)Cl)F,0
C1=CC=C(C(=C1)C(=O)NC(=O)NC2=CC=C(C=C2)OC(F)(F)F)Cl,0
C1[C@H]([C@H](OC2=CC(=CC(=C21)O)O)C3=CC(=C(C(=C3)O)O)O)OC(=O)C4=CC(=C(C(=C4)O)O)O,0
C1[C@H]([C@H](OC2=CC(=CC(=C21)O)O)C3=CC(=C(C=C3)O)O)OC(=O)C4=CC(=C(C(=C4)O)O)O,0
CC1=NC=C(C(=C1O)CO)CSSCC2=CN=C(C(=C2CO)O)C,0
COC1=CC=C(C=C1)C(=O)N2CCCC2=O,0
CCC[C@@H]1C[C@H](N(C1)C)C(=O)N[C@@H]([C@@H]2[C@@H]([C@@H]([C@H]([C@H](O2)SC)O)O)O)[C@@H](C)O.Cl,0
CCC[C@@H]1C[C@H](N(C1)C)C(=O)N[C@@H]([C@@H]2[C@@H]([C@@H]([C@H]([C@H](O2)SC)O)O)O)[C@H](C)Cl.Cl,0
CCCCCCCCCCCCCCCC(=O)O[C@@H]1[C@H]([C@H]([C@H](O[C@@H]1SC)[C@@H]([C@H](C)Cl)NC(=O)[C@@H]2C[C@H](CN2C)CCC)O)O.Cl,0
CC[N+]1(CCCC(C1)OC(=O)C(C2=CC=CC=C2)(C3=CC=CC=C3)O)C.[Br-],0
C[N+]1(CCCC(C1)OC(=O)C(C2=CC=CC=C2)(C3=CC=CC=C3)O)C.[Br-],0
C[C@@]12CC[C@@]3(C(=CC[C@H]4[C@]3(CC[C@@H]5[C@@]4(CC[C@@H](C5(C)C)OC(=O)C6=CC=CC=C6)C)C)[C@@H]1CC(CC2)(C)C)C,0
C1=CC=C2C(=C1)C(=O)NC2(C3=CC(=C(C=C3)Cl)S(=O)(=O)N)O,0
CN1CCC2=CC3=C(C=C2[C@@H]1[C@@H]4C5=C(C(=C(C=C5)OC)OC)C(=O)O4)OCO3,0
CN1CCC2=CC3=C(C(=C2[C@@H]1[C@@H]4C5=C(C(=C(C=C5)OC)OC)C(=O)O4)OC)OCO3.Cl,0
CC[C@@]12CCCN3[C@@H]1C4=C(CC3)C5=CC=CC=C5N4C(=C2)C(=O)OCC,0
CC1=C(C=C(C=C1)N2C(=O)C(=C(N2)C)N=NC3=CC=CC(=C3O)C4=CC(=CC=C4)C(=O)O)C,0
COC(=O)N/N=C/C1=[N+](C2=CC=CC=C2[N+](=C1)[O-])[O-],0
C/C=C(/C(=C/C)/C1=CC=C(C=C1)O)\C2=CC=C(C=C2)O,0
CC1(CC2C1CCC3(CCCC2(C3)O)C)C,0
CC1=CC2=C(C=C1S(=O)(=O)N)S(=O)(=O)CCC2,0
C1[C@H]([C@@H]1N)C2=CC=CC=C2.C1[C@H]([C@@H]1N)C2=CC=CC=C2.OS(=O)(=O)O,0
CC1=CC=C(C=C1)C2=C(N3C=C(C=CC3=N2)C)CC(=O)N(C)C,0
CC1=C(C(=C2C(=C1O)C3(C(=CC(=O)C(C3=O)C(=O)C)O2)C)C(=O)C)O,0
C/C=C(\C)/C(=O)O[C@H]1C[C@H]([C@]2(CO[C@@H]3[C@@H]2[C@]14CO[C@@]([C@H]4[C@]([C@@H]3O)(C)[C@@]56[C@@H]7C[C@H]([C@@]5(O6)C)[C@]8(C=CO[C@H]8O7)O)(C(=O)OC)O)C(=O)OC)OC(=O)C,0
C1=CC(=CC=C1C#N)C(C2=CC=C(C=C2)C#N)N3C=NC=N3,0
C[C@]12CC[C@H]3[C@H]([C@@H]1CC[C@]2(C#C)O)CCC4=CCCC[C@H]34,0
CC(=O)O[C@H]1CC[C@@H]2[C@H]3CC[C@]4([C@H]([C@@H]3CCC2=C1)CC[C@]4(C#C)OC(=O)C)C,0
C[C@]12CC[C@H]3[C@H]([C@@H]1CC[C@]2(CC=C)O)CCC4=CCCC[C@H]34,0
CCOC(=O)C1C(C1(C)C)C=C(C)C,0
CC(=CC1C(C1(C)C)C(=O)O)C,0
C[NH+]1C=NC2=C1C(=O)N(C(=O)N2C)C.[Br-],0
C[NH+]1CCC2=CC(=C3C=C2[C@H]1CC4=CC=C(C=C4)OC5=C6[C@H](CC7=CC(=C(C=C7)O)O3)[N+](CCC6=CC(=C5O)OC)(C)C)OC.[Cl-].[Cl-],0
CC[C@@H]1[C@@]([C@@H]([C@H](/C(=N/OCOCCOC)/[C@@H](C[C@@]([C@@H]([C@H]([C@@H]([C@H](C(=O)O1)C)O[C@H]2C[C@@]([C@H]([C@@H](O2)C)O)(C)OC)C)O[C@H]3[C@@H]([C@H](C[C@H](O3)C)N(C)C)O)(C)O)C)C)O)(C)O,0
C[C@]12CCC(=O)C=C1CC[C@@H]3[C@@]2([C@H](C[C@]4([C@H]3C[C@@H]5[C@]4(OC(O5)(C)C)C(=O)CCl)C)O)F,0
CCC(C)C1C(=O)NC(C(=O)NC(=C)C(=O)NC(C(=O)NC23CCC(=NC2C4=CSC(=N4)C(C(OC(=O)C5=NC6=C(C=CC(C6O)N1)C(=C5)C(C)O)C)NC(=O)C7=CSC(=N7)C(NC(=O)C8CSC(=N8)/C(=C\C)/NC(=O)C(NC(=O)C9=CSC3=N9)C(C)O)C(C)(C(C)O)O)C1=NC(=CS1)C(=O)NC(=C)C(=O)NC(=C)C(=O)N)C)C,0
C1=CC(=CC=C1OC2=C3C(=CC(=CC3=NC=C2)Cl)Cl)F,0
CC(=O)N[C@@H]1[C@H](C=C(O[C@H]1[C@@H]([C@@H](CO)O)O)C(=O)O)N=C(N)N,0
CC(=O)O[C@@H]1CC2[C@@](C3[C@@]1(C45C(O4)C(=O)O[C@H]([C@@]5(CC3)C)C6=COC=C6)C)(C7C(O7)C(=O)C2(C)C)C,0
C[C@@]12CCC3[C@](C14C(O4)C(=O)O[C@H]2C5=COC=C5)([C@@H](CC6[C@@]3([C@@H]7[C@@H](O7)C(=O)C6(C)C)C)O)C,0
C1CCN(CC1)CCOC2=CC=C(C=C2)C(=O)C3=C(SC4=C3C=CC(=C4)O)C5=CC=C(C=C5)O.Cl,0
CN1C2=C(C=C(C=C2)N(CCCl)CCCl)N=C1CCCC(=O)O.Cl,0
CCCOC1=CC2=C(C=C1)N=C(N2)NC(=O)OC,0
C1=CC=C2C(=C1)NC(=N2)CCC(=O)O,0
CCCSC1=CC2=C(C=C1)N=C(N2)NC(=O)OC,0
CCOC(=O)NC1=NC2=CC=CC=C2N1,0
CO/N=C(/C1=CSC(=N1)N)\C(=O)N[C@H]2[C@@H]3N(C2=O)C(=C(CS3)CSC(=O)C4=CC=CO4)C(=O)O.Cl,0
CC1=CCC2=C(C=C3C(=C2O)C(=O)C=C(O3)C)OC1,0
C1COCCN1CC2CN(C(=O)O2)/N=C/C3=CC=C(O3)[N+](=O)[O-],0
CC1=C[C@@H]2[C@H](CC[C@]3([C@H]2CC(=C)[C@@]3(C(=O)C)OC(=O)C)C)[C@@]4(C1=CC(=O)CC4)C,0
C/C/1=C/CC(/C=C/C/C(=C/CC1)/C)(C)C,0
COC1=C(C2=C[N+]3=C(C=C2C=C1)C4=CC(=C(C=C4CC3)OC)OC)OC.[Cl-],0
C[C@@]1([C@@H](N2[C@H](S1(=O)=O)CC2=O)C(=O)O)CN3C=CN=N3,0
CC(=O)NCCC1=CNC2=C1C=C(C=C2)OC,0
C1=CC2=C(C=C1O)C(=CN2)CCN.Cl,0
C1=CC=C2C(=C1)C(=CN2)CCN,0
CC(C)NCC(COC1=CC=CC2=C1C=CN2)O,0
CN(C)CC1=CNC2=CC=CC=C21,0
C1=CC=C2C(=C1)C(=CN2)CO,0
CNC(CC1=CNC2=CC=CC=C21)C(=O)O,0
CCCCCN=C(N)N/N=C/C1=CNC2=C1C=C(C=C2)OC.C(=C\C(=O)O)\C(=O)O,0
CNS(=O)(=O)CC1=CC2=C(C=C1)NC=C2CCN(C)C,0
C1=CC=C2C(=C1)C(=CN2)C[C@@H](C(=O)O)N,0
CC1=CNC2=CC=CC=C12,0
COC1=C(C=C(C=C1)C2=CC3=C(C=C2)C=C(C=C3)C(=O)O)C45CC6CC(C4)CC(C6)C5,0
CO[C@H]1[C@@H](C[C@@H]2CN3CCC4=C([C@H]3C[C@@H]2[C@@H]1C(=O)OC)NC5=C4C=CC(=C5)OC)OC(=O)C6=CC(=C(C(=C6)OC)OC)OC,0
CC1=C(C(=C(C2=C1OC(CC2)(C)CCCC(C)CCCC(C)CCCC(C)C)C)OC(=O)C)C,0
CC1=C(C2=C(CCC(O2)(C)CCCC(C)CCCC(C)CCCC(C)C)C(=C1O)C)C,0
C[C@@](C1=CC=CC=C1)(C2=CC=C(C=C2)Cl)OCC[C@H]3CCCN3C.C(=C/C(=O)O)\C(=O)O,0
CC1=C2C(=NC=C1)N(C3=C(C=CC=N3)C(=O)N2)C4CC4,0
CC1=C2C(=CC(=C1C(=O)O)O)C(=O)C3=C(C2=O)C(=C(C(=C3O)O)[C@H]4[C@@H]([C@H]([C@@H]([C@H](O4)CO)O)O)O)O,0
CC1=CC2=C(S1)NC3=CC=CC=C3N=C2N4CCN(CC4)C,0
CC1=CC(=O)CC(C1(/C=C/C(=C\C(=O)O)/C)O)(C)C,0
C1=C(C=C(C(=C1SC2=C(C(=CC(=C2)Cl)Cl)O)O)Cl)Cl,1
COP(=S)(OC)OC1=CC=C(C=C1)SC2=CC=C(C=C2)OP(=S)(OC)OC,0
C1CN(CC=C1N2C3=CC=CC=C3NC2=O)CCCC(=O)C4=CC=C(C=C4)F,0
CN1[C@@H]2CC[C@H]1CC(C2)OC(=O)C3=CNC4=CC=CC=C43.Cl,0
CN1CC[C@@]23C=C[C@@H](C[C@@H]2OC4=C(C=CC(=C34)C1)OC)O,0
CN1CCC2=CC3=C(C=C2[C@H]1[C@H]4C5=C(C6=C(C=C5)OCO6)C(=O)O4)OCO3,0
COc1ccc(C(=O)NCc2ccc(OCCN(C)C)cc2)cc1OC,0
CN(C)CCOC1=CC=C(C=C1)CNC(=O)C2=CC(=C(C(=C2)OC)OC)OC.Cl,0
CCCCC(CC)COC(=O)C(=C(C1=CC=CC=C1)C2=CC=CC=C2)C#N,0
CC1([C@@H](N2[C@H](S1)[C@@H](C2=O)NC(=O)COC3=CC=CC=C3)C(=O)[O-])C.[K+],0
COC1=C(C=C2C(=C1)C(=NC(=N2)N3CCN(CC3)C(=O)C4=CC=CO4)N)OC.Cl,0
C1CN(CCN1CCOCC(=O)O)[C@H](C2=CC=CC=C2)C3=CC=C(C=C3)Cl.Cl.Cl,0
CN1CCN(CC1)C(C2=CC=CC=C2)C3=CC=CC=C3,0
C1CN(CCN1CCOCC(=O)O)C(C2=CC=CC=C2)C3=CC=C(C=C3)Cl.Cl.Cl,0
C1CN(CCN1CCOCCO)C(C2=CC=CC=C2)C3=CC=C(C=C3)Cl.Cl.Cl,0
CC(=O)CC(C1=CC=CC=C1)C2=C(C3=CC=CC=C3OC2=O)O,0
CCOC(=O)[C@H](CCC1=CC=CC=C1)N[C@@H](C)C(=O)N2CC3=CC(=C(C=C3C[C@H]2C(=O)O)OC)OC.Cl,0
CCOC(=O)[C@H](CCC1=CC=CC=C1)N[C@@H](C)C(=O)N2CC3=CC=CC=C3C[C@H]2C(=O)O,0
C[C@@H](C(=O)N1CC2=CC=CC=C2C[C@H]1C(=O)O)N[C@@H](CCC3=CC=CC=C3)C(=O)O,0
CCC1=C2C(=CC=C1)C3=C(N2)C(OCC3)(CC)CC(=O)O,0
CC1=C(C(=O)N2C=CC=CC2=N1)CCN3CCC(CC3)C(=O)C4=CC=C(C=C4)F,0
COC1=C(C=CC(=C1)C(=S)N2CCOCC2)O,0
CC/C=C\CC1=C(CCC1=O)C,0
CC1=CC2=C(C=C1C(=C)C3=CC=C(C=C3)C(=O)O)C(CCC2(C)C)(C)C,0
CN1C(CCCC1CC(=O)C2=CC=CC=C2)CC(C3=CC=CC=C3)O.Cl,0
CC(=O)C1=C(C=C2C(=C1)C=CC(O2)(C)C)O,0
COC1=C2C=COC2=C(C3=C1C=CC(=O)O3)OC,0
CC1=CC(=O)OC2=C1C=C3C=C(OC3=C2C)C,0
COC1=C2C=CC(=O)OC2=CC3=C1C=CO3,0
COC1=C2C(=CC3=C1OC=C3)C=CC(=O)O2,0
CCCC(=O)NC1=C2C(=NC=N1)N(C=N2)[C@H]3[C@@H]([C@H]4[C@H](O3)COP(=O)(O4)[O-])OC(=O)CCC.[Na+],0
C[C@]12CC[C@H]3C(=CC(=O)[C@H]4[C@@]3(C[C@@H]([C@@H](C4)O)O)C)[C@@]1(CC[C@@H]2[C@](C)([C@@H](CCC(C)(C)O)O)O)O,0
C[C@H]1[C@@H]2CC[C@]3([C@H]([C@]2(CC[C@H]1O)C)[C@@H](C[C@@H]\4[C@@]3(C[C@@H](/C4=C(/CCC=C(C)C)\C(=O)O)OC(=O)C)C)O)C,0
C1CN=C(N1)NC2=C(C=CC=C2Cl)Cl.Cl,0
CC1=CC(=O)[N-]S(=O)(=O)O1.[K+],0
C1CCN(CC1)C2=NC(=N)N(C(=C2)N)O,0
C1CNCC2=C1C(=O)NO2.Cl,0
C1COCCN1C(=O)C2=CN=CC=C2,0
CCN(CC)CCC1=NC(=NO1)C2=CC=CC=C2.C(C(=O)O)C(CC(=O)O)(C(=O)O)O,0
CN1C(=NN=N1)SCC2=C(N3[C@@H]([C@@](C3=O)(NC(=O)CSCC#N)OC)SC2)C(=O)[O-].[Na+],0
CC1=NC=CC2=C1NC3=C2C=CC(=C3)OC,0
CC1=NC=CC2=C1NC3=CC=CC=C23,0
C1=CC=C2C(=C1)C3=C(N2)C=NC=C3,0
CN(C)CCCN1C2=CC=CC=C2SC3=C1C=C(C=C3)C(F)(F)F.Cl,0
CC(CN1C2=CC=CC=C2SC3=CC=CC=C31)N(C)C.Cl,0
C1=CC=C2C(=C1)NC3=CC=CC=C3S2,0
CCN(CC)C(C)CN1C2=CC=CC=C2SC3=CC=CC=C31.Cl,0
CC(=O)C1=CC2=C(C=C1)SC3=CC=CC=C3N2CCCN(C)C.C(=C\C(=O)O)\C(=O)O,0
CN(C)CCCN1C2=CC=CC=C2SC3=C1C=C(C=C3)Cl.Cl,0
CN(C)CCCN1C2=CC=CC=C2SC3=CC=CC=C31.Cl,0
C1=CC(=CC=C1N/C(=N/C(=NCCCCCCN=C(/N=C(/NC2=CC=C(C=C2)Cl)\N)N)N)/N)Cl.Cl.Cl,1
C[C@@H]1C=C(C(=O)[C@]2([C@H]1C[C@@H]3[C@@]4([C@@H]2C(=O)C(=C([C@@H]4CC(=O)O3)C)OC)C)C)OC,0
C1=CC=C(C=C1)C(C2=CC=CC=C2)[S@](=O)CC(=O)N,0
CC(C)[N+](C)(CCC(C1=CC=CC=C1)(C2=CC=CC=C2)C(=O)N)C(C)C.[I-],0
C1=CC(=C(C=C1Cl)CC2=C(C=CC(=C2)Cl)O)O,0
C1=CC(=CC=C1C(C2=CC=C(C=C2)Cl)C(Cl)(Cl)Cl)Cl,0
CC1=CC=CC=C1C(C2=CC=CC=C2)OCCN(C)C.C(C(=O)O)C(CC(=O)O)(C(=O)O)O,0
CCCC(C1=CC=CC=C1)(C2=CC=CC=C2)C(=O)OCCN(CC)CC.Cl,0
C1=CC=C(C=C1)C(C2=CC=CC=C2)S(=O)CC(=O)N,0
C1=CC=C(C(=C1)C(C2=CC=C(C=C2)Cl)C(Cl)Cl)Cl,0
CCN(CC)CCOC(=O)C(C1=CC=CC=C1)(C2=CC=CC=C2)O.Cl,0
CCN(CC)CCOC(=O)C(C1=CC=CC=C1)C2=CC=CC=C2.Cl,0
CN(C)CCOC(C1=CC=CC=C1)C2=CC=CC=C2.Cl,0
CC(C)C(=O)OC1=C(C=C(C=C1)CO)[C@H](CCN(C(C)C)C(C)C)C2=CC=CC=C2.C(=C/C(=O)O)\C(=O)O,0
CC(C)(C)CC(C)(C)C1=CC(=C(C=C1)O)CC2=C(C=C(C=C2)Cl)Cl,0
C1=C(C(=C(C(=C1Cl)Cl)CC2=C(C(=CC(=C2Cl)Cl)Cl)O)O)Cl,1
CC1=COC2=C1C(=O)C(=O)C3=C2C=CC4=C3CCCC4(C)C,0
C1C2=CC(=C(C=C2C3=C4C=CC(=O)C=C4OCC31O)O)O,0
C1C2=CC(=C(C=C2C3=C4C=CC(=O)C(=C4OCC31O)O)O)O,0
COc1cc2c(cc1-c1coc3c4c(c(OC)cc3c1=O)OC(C)(C)CC4)OCO2,0
C1CN(CCN1)C2=NC3=CC=CC=C3C=C2.C(=C\C(=O)O)\C(=O)O,0
CC(=O)O[C@H]1C[C@H](C(C2[C@]1(C3CC[C@]4([C@@H](OC(=O)C=C4[C@@]3([C@@H](C2)OC(=O)C)C)C5=COC=C5)C)C)(C)C)OC(=O)C,0
CC(=O)O[C@@H]1CC[C@@]2(C3CC[C@]4([C@@H](OC(=O)C=C4[C@@]3([C@@H](CC2C1(C)C)OC(=O)C)C)C5=COC=C5)C)C,0
CC(=O)O[C@@H]1CC2C([C@H](CCC2(C3C1(C4=CC(=O)O[C@H]([C@@]4(CC3)C)C5=COC=C5)C)C)O)(C)C,0
CN1C(=C(C2=CC=CC=C2S1(=O)=O)O)C(=O)NC3=CC=CC=N3,0
CCOC(=O)OC(C)OC1=C(N(S(=O)(=O)C2=CC=CC=C21)C)C(=O)NC3=CC=CC=N3,0
CCOC1=CC2=C(C=C1)N=C(S2)S(=O)(=O)N,0
C1=CC2=C(C=C1OC(F)(F)F)SC(=N2)N,0
CN1CCC(CC1)OC(C2=CC=CC=C2)C3=CC=CC=C3.Cl,0
O.O.O.O=C([O-])C1O[Sb]2OC(=O)C(O2)C(C(=O)[O-])O[Sb]2OC(=O)C1O2.[K+].[K+],1
C1=CC=C(C(=C1)C2=C3C=C(C(=O)C(=C3OC4=C(C(=C(C=C24)I)[O-])I)I)I)C(=O)[O-].[Na+].[Na+],0
O=C([O-])c1ccccc1-c1c2cc(Br)c(=O)cc-2oc2c([Hg]O)c([O-])c(Br)cc12.[Na+].[Na+],1
COC1=CC2=C(C=C1)[C@@H]3COC4=C([C@@H]3O2)C=CC(=C4)OC,0
CCN1C=C(C(=O)C2=CN=C(N=C21)N3CCNCC3)C(=O)O,1
C[C@@H]1[C@H](C[C@@H]([C@H](O1)OC2[C@@H]([C@H](C([C@@H]([C@@H]2O)O)O)O)O)N)N=C(C(=O)O)N.Cl,0
C[C@H]([C@H]1[C@@H](O1)C[C@H]2CO[C@H]([C@@H]([C@@H]2O)O)C/C(=C/C(=O)OCCCCCCCCC(=O)O)/C)[C@H](C)O,0
CC(C)(C)NC[C@@H](COC1=CC=CC=C1C2CCCC2)O.CC(C)(C)NC[C@@H](COC1=CC=CC=C1C2CCCC2)O.OS(=O)(=O)O,0
C[C@]12CC[C@H]3[C@H]([C@@H]1CC[C@]2(C#C)O)CCC4=C3C=CC(=C4)OC5CCCC5,0
CCCCC1=NC2(CCCC2)C(=O)N1CC3=CC=C(C=C3)C4=CC=CC=C4C5=NNN=N5,0
COC1=C(C=CC(=C1)[C@@H]2[C@H](OC3=C(O2)C=C(C=C3)[C@@H]4[C@H](C(=O)C5=C(C=C(C=C5O4)O)O)O)CO)O,0
CCN(CC)CCOC1=CC=C(C=C1)/C(=C(/C2=CC=CC=C2)\Cl)/C3=CC=CC=C3.C(C(=O)O)C(CC(=O)O)(C(=O)O)O,0
CN(C)CCOC1=CC=C(C=C1)/C(=C(/CCCl)\C2=CC=CC=C2)/C3=CC=CC=C3.C(C(=O)O)C(CC(=O)O)(C(=O)O)O,0
CC/C(=C(\C1=CC=CC=C1)/C2=CC=C(C=C2)OCCN(C)C)/C3=CC=CC=C3.C(C(=O)O)C(CC(=O)O)(C(=O)O)O,0
CC1=C(SSC1=S)C2=NC=CN=C2,0
CC1(CC2C1CCC(=C)C(CCC2=O)O)C,0
CCN1CCN(C(=O)C1=O)C(=O)N[C@H](C2=CC=CC=C2)C(=O)N[C@H]3[C@@H]4N(C3=O)[C@H](C(S4)(C)C)C(=O)[O-].[Na+],1
CN1CC(C2=CC(=C(C=C21)O)N=NC(=O)N)O,0
CC1([C@@H](N2[C@H](S1)[C@@H](C2=O)NC(=O)[C@@H](C3=CSC=C3)C(=O)[O-])C(=O)[O-])C.[Na+].[Na+],0
CC1=C(ON=C1C)N(C(=O)C)S(=O)(=O)C2=CC=C(C=C2)N,0
CC1=C(ON=C1C)NS(=O)(=O)C2=CC=C(C=C2)N,0
CN1CC(=O)N=C1N,0
CC[C@H]1CN2CCC3=CC(=C(C=C3[C@@H]2C[C@@H]1C[C@@H]4C5=CC(=C(C=C5CCN4)OC)OC)OC)OC.Cl.Cl,0
C[C@H]1COC2=C3N1C=C(C(=O)C3=CC(=C2N4CCN(CC4)C)F)C(=O)O,1
CC1COC2=C3N1C=C(C(=O)C3=CC(=C2N4CCN(CC4)C)F)C(=O)O,1
C[C@H]1[C@@H]([C@H]([C@H]([C@@H](O1)OC2=C(OC3=CC(=CC(=C3C2=O)O)O)C4=CC(=C(C=C4)O)O)O)O)O,0
CC(C)(C#N)C1=CC(=CC(=C1)CN2C=NC=N2)C(C)(C)C#N,0
O=C1O[Bi](O)Oc2ccccc21,0
C([C@@H]1[C@H]([C@@H]([C@H]([C@H](O1)O[C@@H]2[C@@H]([C@H]([C@@H]([C@H](O2)CO)O)O)O)O)O)O)O.O.O,0
CC(C)CCCC(C)C1CCC2C1(CCC3C2CCC4C3(CCC(=O)C4)C)C,0
CN(C)[C@H]1[C@@H]2[C@H]([C@@H]3C(=C)C4=C(C(=CC=C4)O)C(=C3C(=O)[C@@]2(C(=C(C1=O)C(=O)N)O)O)O)O.Cl,1
C1=CC=C(C(=C1)C(=O)NC2=CC=C(C=C2)S(=O)(=O)NC3=NC=CS3)C(=O)O,0
CC[C@@H]1[C@@]([C@@H]([C@H](C(=O)[C@@H](C[C@@]([C@@H]([C@H]([C@@H]([C@H](C(=O)O1)C)O[C@H]2C[C@@]([C@H]([C@@H](O2)C)O)(C)OC)C)O[C@H]3[C@@H]([C@H](C[C@H](O3)C)N(C)C)O)(C)O)C)C)O)(C)O,0
CCCCCCCCCCCCOS(=O)(=O)O.CC[C@@H]1[C@@]([C@@H]([C@H](C(=O)[C@@H](C[C@@]([C@@H]([C@H]([C@@H]([C@H](C(=O)O1)C)O[C@H]2C[C@@]([C@H]([C@@H](O2)C)O)(C)OC)C)O[C@H]3[C@@H]([C@H](C[C@H](O3)C)N(C)C)OC(=O)CC)(C)O)C)C)O)(C)O,0
CC[C@@H]1[C@@]([C@@H]([C@H](C(=O)[C@@H](C[C@@]([C@@H]([C@H]([C@@H]([C@H](C(=O)O1)C)O[C@H]2C[C@@]([C@H]([C@@H](O2)C)O)(C)OC)C)O[C@H]3[C@@H]([C@H](C[C@H](O3)C)N(C)C)O)(C)OC)C)C)O)(C)O,0
CC[C@@H]1[C@@]([C@@H]([C@H](C(=O)[C@@H](C[C@@]([C@@H]([C@H]([C@@H]([C@H](C(=O)O1)C)O[C@H]2C[C@@]([C@H]([C@@H](O2)C)O)(C)OC)C)O[C@H]3[C@@H]([C@H](C[C@H](O3)C)N(C)C)OC(=O)CCC(=O)OCC)(C)O)C)C)O)(C)O,0
CCCCCCCCCCCCCCCCCC(=O)O.CC[C@@H]1[C@@]([C@@H]([C@H](C(=O)[C@@H](C[C@@]([C@@H]([C@H]([C@@H]([C@H](C(=O)O1)C)O[C@H]2C[C@@]([C@H]([C@@H](O2)C)O)(C)OC)C)O[C@H]3[C@@H]([C@H](C[C@H](O3)C)N(C)C)O)(C)O)C)C)O)(C)O,0
C[C@H]1[C@@]([C@H]([C@@H](O1)O[C@@H]2[C@H]([C@@H]([C@H]([C@@H]([C@H]2O)O)N=C(N)N)O)N=C(N)N)O[C@H]3[C@H]([C@@H]([C@H]([C@@H](O3)CO)O)O)NC)(CO)O.C[C@H]1[C@@]([C@H]([C@@H](O1)O[C@@H]2[C@H]([C@@H]([C@H]([C@@H]([C@H]2O)O)N=C(N)N)O)N=C(N)N)O[C@H]3[C@H]([C@@H]([C@H]([C@@H](O3)CO)O)O)NC)(CO)O.OS(=O)(=O)O.OS(=O)(=O)O.OS(=O)(=O)O,0
C[C@H]1[C@@]([C@H]([C@@H](O1)O[C@@H]2[C@H]([C@@H]([C@H]([C@@H]([C@H]2O)O)N=C(N)N)O)N=C(N)N)O[C@H]3[C@H]([C@@H]([C@H]([C@@H](O3)CO)O)O)NC)(C=O)O.C[C@H]1[C@@]([C@H]([C@@H](O1)O[C@@H]2[C@H]([C@@H]([C@H]([C@@H]([C@H]2O)O)N=C(N)N)O)N=C(N)N)O[C@H]3[C@H]([C@@H]([C@H]([C@@H](O3)CO)O)O)NC)(C=O)O.OS(=O)(=O)O.OS(=O)(=O)O.OS(=O)(=O)O,0
C[C@@H]1CCN(CCN1C(=O)C2=C(C=CC(=C2)C)N3N=CC=N3)C4=NC5=C(O4)C=CC(=C5)Cl,0
CC=C(C)C(=O)OC1C(OC(C)=O)C2(CO)C(O)CC3(C)C(=CCC4C5(C)CCC(OC6OC(C(=O)O)C(OC7OC(CO)C(O)C(O)C7O)C(O)C6OC6OC(CO)C(O)C(O)C6O)C(C)(CO)C5CCC43C)C2CC1(C)C,0
C[C@H]1/C=C/C=C/C=C/C=C/C=C/C=C/C=C/[C@@H](C[C@H]2[C@@H]([C@H](C[C@](O2)(C[C@H](C[C@H]([C@@H](CC[C@H](C[C@H](CC(=O)O[C@H]([C@@H]([C@@H]1O)C)C)O)O)O)O)O)O)O)C(=O)O)O[C@H]3[C@H]([C@H]([C@@H]([C@H](O3)C)O)N)O,0
CC1=CC(=O)[C@@H]2[C@@]([C@]1(CCC3=COC=C3)O)(CCCC2(C)C)C,0
CC(C)(C)C1=CC=C(C=C1)C(=O)CC(=O)C2=CC=C(C=C2)OC,0
C1CN(CCN1)C2=C(C=C3C(=C2)N(C=C(C3=O)C(=O)O)C4=CC=C(C=C4)F)F.Cl,1
CN1CCN(CC1)C2=C(C=C3C(=C2)N(C=C(C3=O)C(=O)O)C4=CC=C(C=C4)F)F.Cl,1
C1=C2C(=CC(=C1Cl)S(=O)(=O)N)S(=O)(=O)N=CN2,0
CC1=NS(=O)(=O)C2=C(N1)C=CC(=C2)Cl,0
C=C1[C@H](C[C@@H]([C@H]1CO)O)N2C=NC3=C2N=C(NC3=O)N.O,0
CC(C)[N+](C)(CCOC(=O)C1C2=CC=CC=C2OC3=CC=CC=C13)C(C)C.[Br-],0
C1CN=C(N1)C2COC3=CC=CC=C3O2.Cl,0
C[C@@H]1C/C=C/C=C/C=C/C=C/[C@@H](C[C@H]2[C@@H]([C@H](C[C@](O2)(C[C@H](C[C@@H]3[C@H](O3)/C=C/C(=O)O1)O)O)O)C(=O)O)O[C@H]4[C@H]([C@H]([C@@H]([C@H](O4)C)O)N)O,0
C[N+]1([C@@H]2CC(C[C@H]1[C@H]3[C@@H]2O3)OC(=O)[C@H](CO)C4=CC=CC=C4)C.[Br-],0
C1=CC=C(C=C1)[C@H](C#N)O[C@H]2[C@@H]([C@H]([C@@H]([C@H](O2)CO[C@H]3[C@@H]([C@H]([C@@H]([C@H](O3)CO)O)O)O)O)O)O,0
CC[C@H]1C(=O)N(CC(=O)N([C@H](C(=O)N[C@H](C(=O)N([C@H](C(=O)N[C@H](C(=O)N[C@@H](C(=O)N([C@H](C(=O)N([C@H](C(=O)N([C@H](C(=O)N([C@H](C(=O)N1)[C@@H]([C@H](C)C/C=C/C)O)C)C(C)C)C)CC(C)C)C)CC(C)C)C)C)C)CC(C)C)C)C(C)C)CC(C)C)C)C,0
C1=CC(=CC=C1[C@@H]2[C@H](C(=O)N2C3=CC=C(C=C3)F)CC[C@@H](C4=CC=C(C=C4)F)O)O,0
CC(=C)[C@@H]1[C@@H]2[C@@H]3[C@@]4([C@]([C@H]1C(=O)O2)(C[C@@H]5[C@]4(O5)C(=O)O3)O)C,0
C[C@@]12[C@H]3[C@H]4[C@H]([C@@H]([C@@]1(C[C@@H]5[C@]2(O5)C(=O)O3)O)C(=O)O4)C(C)(C)O,0
CC1([C@@H](N2[C@H](S1(=O)=O)CC2=O)C(=O)O)C,0
CC(C)/C(=C/1\C2[C@]([C@@H](OC1=O)C3=COC=C3)(C([C@H]([C@@]45[C@]26[C@@H]([C@]7(C(C8(CC7([C@]4([C@H]8CC(=O)OC)C)OC(O5)(O6)C)C)OC(=O)C(C)C)O)OC(=O)C)OC(=O)C)OC(=O)C)C)/O,0
CC(C)/C(=C/1\C2[C@]([C@@H](OC1=O)C3=COC=C3)(C([C@H]([C@@]45[C@]26[C@@H]([C@]7(C(C8(CC7([C@]4([C@H]8CC(=O)O)C)OC(O5)(O6)C)C)O)O)O)O)O)C)/O,0
C1=CC=C(C=C1)/C=C/C(=O)C2=C(C=C(C=C2)O[C@H]3[C@@H]([C@H]([C@@H]([C@H](O3)CO)O)O)O)O,0
C[C@]12CC[C@H]3[C@H]([C@@H]1CC[C@]2(C#C)O)CCC4=C3CCC(=O)C4,0
CCC(=O)OC(C(C)C)OP(=O)(CCCCC1=CC=CC=C1)CC(=O)N2C[C@@H](C[C@H]2C(=O)[O-])C3CCCCC3.[Na+],0
C1CN(CCC1N2C3=CC=CC=C3NC2=O)CCCC(C4=CC=C(C=C4)F)C5=CC=C(C=C5)F,0
CC(C)CC1CN2CCC3=CC(=C(C=C3C2CC1=O)OC)OC,0
C1CCN(CC1)C(=O)/C=C/C=C/C2=CC3=C(C=C2)OCO3,0
CC1=C(C=CC(=C1)N2C(=O)NC(=O)N(C2=O)C)OC3=CC=C(C=C3)SC(F)(F)F,0
CCOC(=O)C1=C(NC(=C(C1C2=CC=CC=C2Cl)C(=O)OC)C)COCCN.C1=CC=C(C=C1)S(=O)(=O)O,0
C1=NC(=C(N1[C@H]2[C@@H]([C@@H]([C@H](O2)CO)O)O)N)C(=O)N,0
C1=NC(=C(N1[C@H]2[C@@H]([C@@H]([C@H](O2)CO)O)O)O)C(=O)N,0
C1COCCN1C(=N)N=C(N)N.Cl,0
CC(=CCC1=C(C2=C(C=C1O)OC3=C(C2=O)C(=C(C(=C3)O)OC)CC=C(C)C)O)C,0
C1=CC=C2C(=C1)C(=O)C3=CC=CC=C3O2,0
COc1cc(O)c2c(=O)c3cc(OC)c(OC)cc3oc2c1,0
C1=CC=C2C(=C1)C(=O)C3=C(O2)C=CC(=C3)O,0
CN1CCCN=C1COC(=O)C(C2CCCCC2)(C3=CC=CC=C3)O.Cl,0
CC1=CC(=CC(=O)O1)O,0
C[C@@]12CCC3[C@]4(C=CC(=O)C(C4C=C[C@]3(C15C(O5)C(=O)O[C@H]2C6=COC=C6)C)(C)C)C,0
CCC(C)C(N)C1=NC(C(=O)NC(CC(C)C)C(=O)NC(CCC(=O)O)C(=O)NC(C(=O)NCCCCC2NC(=O)C(CC(N)=O)NC(=O)C(CC(=O)O)NC(=O)C(Cc3c[nH]cn3)NC(=O)C(Cc3ccccc3)NC(=O)C(C(C)CC)NC(=O)C(CCCN)NC2=O)C(C)CC)CS1,0
C1CCN(CC1)CCOC(C2=CC=CC=C2)C3=CC=C(C=C3)Cl.Cl,0
CCC(C1=CC=C(C=C1)O)C(CC)C2=CC=C(C=C2)O,0
CCOC1=NC2=CC=CC(=C2N1CC3=CC=C(C=C3)C4=CC=CC=C4C5=NOC(=O)N5)C(=O)OCC6=C(OC(=O)O6)C,0
CN1C(=O)CC(C1=O)C2=CC=CC=C2,0
CC1(CC(=O)N(C1=O)C)C2=CC=CC=C2,0
CC1=CC(=C(C2=C1C(=O)OC3=C(O2)C(=C(C(=C3COC(=O)/C=C/C(=O)O)O)C(=O)O)C)C=O)O,0
CC1=C2C(=C(C(=C1Cl)O)Cl)OC3=C(C(=C(C=C3OC2=O)OC)C(=O)OC)C,0
CCCCCC1=C(C(=CC2=C1OC3=CC(=CC(=C3C(=O)O2)C(=O)CCCC)OC)O)C(=O)O,0
CC1=C2C(=C(C(=C1Cl)O)Cl)OC3=C(C(=C(C(=C3C)C(=O)OC)O)C)OC2=O,0
CC1=C2C(=C(C(=C1Cl)OC)Cl)OC3=C(C(=C(C(=C3C)C(=O)OC)OC)C)OC2=O,0
C1=C(OC=C(C1=O)O)CO,0
CC1=C(C(=O)C=CO1)O,0
C1CN=C(N1)NC2=C(C3=NC=CN=C3C=C2)Br,0
C[C@@]12CCC3[C@@]4(C(CC(=O)[C@]3([C@@]15[C@H](O5)C(=O)O[C@H]2C6=COC=C6)C)C([C@@H](CC4=O)O)(C)C)C,0
CC1=CC2=C(C(=C1)O)C(=O)C3=C(C=C(C(=C3C2=O)C4=C5C(=C(C=C4O)O)C(=O)C6=C(C5=O)C=C(C=C6O)C)O)O,0
C1N2CN3CN1CN(C2)C3,0
CC(=O)OCC(=O)[C@@]12[C@@H](C[C@@H]3[C@@]1(C[C@@H]([C@]4([C@H]3CCC5=CC(=O)C=C[C@@]54C)F)O)C)OC6(O2)CCCC6,0
CC(=C)C1=CC2=CC(=C(C=C2O1)O)C(=O)C,0
CC1=NC=CN1CC2CCC3=C(C2=O)C4=CC=CC=C4N3C.Cl,0
C1=CC2=C(C=C1Cl)NC(=O)O2,0
C1=CC(=CC=C1/C=C/C2=CC(=CC(=C2)O[C@H]3[C@@H]([C@H]([C@@H]([C@H](O3)CO)O)O)O)O)O,0
C=CCOC(CN1C=CN=C1)C2=C(C=C(C=C2)Cl)Cl.OS(=O)(=O)O,0
CC(C)CN1C=NC2=C1C3=CC=CC=C3N=C2N.Cl,0
C1CN(CCN1C/C=C/C2=CC=CC=C2)C(C3=CC=C(C=C3)F)C4=CC=C(C=C4)F.Cl.Cl,0
CS(=O)(=O)O.C1CNCC(C2=CC(=C(C(=C21)Cl)O)O)C3=CC=C(C=C3)O,0
CCN1CCCC(C1)OC(=O)C(C2=CC=CC=C2)C3=CC=CC=C3.Cl,0
C1=CC2=C(C=C1O)OC(=O)S2,0
CCCCC/C=C/CCC(=O)N[C@@H]1[C@H]([C@@H]([C@H](O[C@H]1OC2=C3C=C4C=C2OC5=C(C=C(C=C5)[C@H]([C@H]6C(=O)N[C@@H](C7=C(C(=CC(=C7)O)OC8[C@H]([C@H]([C@@H]([C@H](O8)CO)O)O)O)C9=C(C=CC(=C9)[C@H](C(=O)N6)NC(=O)[C@@H]4NC(=O)[C@@H]1C2=CC(=CC(=C2)OC2=C(C=CC(=C2)[C@H](C(=O)NC(CC2=CC(=C(O3)C=C2)Cl)C(=O)N1)N)O)O)O)C(=O)O)O[C@H]1[C@@H]([C@H]([C@@H]([C@H](O1)CO)O)O)NC(=O)C)Cl)CO)O)O,0
COc1c(Cl)c(C)c(C(=O)Oc2cc(C)c(C(=O)O)c(O)c2)c(O)c1Cl,0
C1=CC=C(C=C1)OC(=O)C2=C(C=C(C=C2)N)O,0
CC1=CC(=C(C(=C1C(=O)OC2=C(C(=C(C(=C2)C)C(=O)OC)O)C)O)CO)O,0
CC1=CC(=C(C(=C1C(=O)OC2=C(C(=C(C(=C2)C)C(=O)OC)O)C)O)C=O)O,0
CC1=CC(=CC(=C1C(=O)OC2=CC(=C(C(=C2)C)C(=O)O)O)O)OC,0
CC1=CC(=C(C(=C1C(=O)O)O)C)OC(=O)C2=C(C(=C(C=C2C)OC)C)OC,0
CCCCCC(=O)CC1=C(C(=CC(=C1)O)O)C(=O)OC2=CC(=C(C(=C2)OC)C(=O)O)CC(=O)CCCCC,0
CC(=O)NC1=CC=C(C=C1)OC(=O)C2=CC=CC=C2O,0
CC1=CC(=CC(=C1C(=O)OC2=CC(=C(C(=C2)C)C(=O)O)O)O)O,0
C1=CC=C(C(=C1)C(=O)OC2=CC=CC=C2C(=O)O)O,0
CC(=CCn1c[n+](C)c2c(N)ncnc21)CCC1(C)C(C)CCC2(C)C(C)=CCCC21.[Cl-],0
CC1=C2COC(=O)C2=C(C(=C1OC)C/C=C(\C)/CCC(=O)O)O,0
COC1=C(C=C2C(=C1)COC2=O)OC,0
CC1=C(SC=N1)/C=C\C2=C(N3[C@@H]([C@@H](C3=O)NC(=O)/C(=N\OC)/C4=CSC(=N4)N)SC2)C(=O)OCOC(=O)C(C)(C)C,0
C1=CSC(=N1)N,0
CN/C(=C\[N+](=O)[O-])/NCCSCC1=CSC(=N1)CN(C)C,0
CC(=O)NC1=NC=C(S1)[N+](=O)[O-],0
C1=C(N=C(S1)N=C(N)N)CSCC/C(=N/S(=O)(=O)N)/N,0
CC1=CC(=NO1)NS(=O)(=O)C2=CC=C(C=C2)N,0
C1=C(C=C(C(=C1Cl)N2C(=C(C(=N2)C#N)S(=O)C(F)(F)F)N)Cl)C(F)(F)F,0
CC1=C2C(=CS1)C(=O)NC3=CC=CC=C3N2C(=O)CN4CCN(CC4)C.Cl,0
C1(C(=O)NC(=O)N1)NC(=O)N,0
C1[C@H]2[C@@H]([C@@H](S1)CCCCC(=O)O)NC(=O)N2,0
CN1CCC(=C2C3=C(CCC4=CC=CC=C42)SC=C3)CC1.C(C(C(=O)O)O)C(=O)O,0
CN1C2=C(C(=O)N(C1=O)C)N(C=N2)CC3OCCO3,0
CC[C@H]1[C@@H]2C[C@H]3[C@H]4[C@@]5(C[C@@H]([C@H]2[C@H]5O)N3[C@@H]1O)C6=CC=CC=C6N4C,0
CCCN1C[C@@H](C[C@H]2[C@H]1CC3=CNC4=CC=CC2=C34)CSC.CS(=O)(=O)O,0
C[C@H]1CCC[C@]2(C1=C[C@H]3[C@@H](C2)OC(=O)C3=C)C,0
C1=CC=C2C(=C1)C(=O)OC23C4=C(C=C(C=C4)O)OC5=C3C=CC(=C5)O,0
CC(C)(C)C1=CC=C(C=C1)C(=O)CCCN2CCC(CC2)OC(C3=CC=CC=C3)C4=CC=CC=C4,0
C1=CC(=CC=C1NC2=NC=NC(=N2)N)Cl.Cl,0
C[C@@]12CC[C@H]3C(=C)[C@]1(CC(=O)O[C@H]2C4=COC=C4)O[C@@H]5[C@]3([C@H](C(C(=O)C5)(C)C)[C@@H](C(=O)OC)O)C,0
C1=CC(=C(C=C1/C=C/C(=O)CC(=O)/C=C/C2=CC(=C(C=C2)O)O)O)O,0
COC1=C(C=CC(=C1)/C=C/C(=O)CC(=O)/C=C/C2=CC(=C(C=C2)O)OC)O,0
CC(C)N=C1C=C2C(=NC3=CC=CC=C3N2C4=CC=C(C=C4)Cl)C=C1NC5=CC=C(C=C5)Cl,0
CCC1=C(CN(C1=O)C(=O)NCCC2=CC=C(C=C2)S(=O)(=O)NC(=O)NC3CCC(CC3)C)C,0
C[C@@]12CC[C@@H]3[C@H](CC3(C)C)C(=O)CC[C@H]1O2,0
C1=CC2=C(C(=C1)OCC(COC3=CC=CC4=C3C(=O)C=C(O4)C(=O)[O-])O)C(=O)C=C(O2)C(=O)[O-].[Na+].[Na+],0
CC1=C(C=CN=C1CS(=O)C2=NC3=CC=CC=C3[N-]2)OCCCOC.[Na+],0
CC1=CN=C(C(=C1OC)C)CS(=O)C2=NC3=C(N2)C=CC(=N3)OC,0
CC(C)(C(=O)O)OC1=CC=C(C=C1)CCNC(=O)C2=CC=C(C=C2)Cl,0
C1=CC=C(C=C1)N2C(=CC=N2)NS(=O)(=O)C3=CC=C(C=C3)N,0
C1[C@H]([C@H](OC2=CC(=CC(=C21)O)O)C3=CC(=C(C(=C3C4=C(C(=C(C=C4[C@@H]5[C@@H](CC6=C(C=C(C=C6O5)O)O)OC(=O)C7=CC(=C(C(=C7)O)O)O)O)O)O)O)O)O)OC(=O)C8=CC(=C(C(=C8)O)O)O,0
C1=CC=C(C=C1)C(=O)NS(=O)(=O)C2=CC=C(C=C2)N,0
CC1(C=CC2=C(O1)C=C3C(=C2OC)C(=C(C(=O)O3)C4=CC=C(C=C4)OC)O)C,0
CC1=CC=C(C=C1)N(CC2=NCCN2)C3=CC(=CC=C3)O.Cl,0
C[C@H]1/C=C/C=C(\C(=O)NC2=C(C(=C3C(=C2O)C(=C(C4=C3C(=O)[C@](O4)(O/C=C/[C@@H]([C@H]([C@H]([C@@H]([C@@H]([C@@H]([C@H]1O)C)O)C)OC(=O)C)C)OC)C)C)O)O)/C=N/N5CCN(CC5)C)/C,1
CC(=O)OC12[C@H]3[C@@H](C4[C@@]5(CN(C3[C@]4([C@H](C[C@H]5O)OC)C6C1C(C(C6)(C(C2O)OC)O)OC(=O)C7=CC=CC=C7)C=O)COC)OC,0
CC(C)C[C@H]1C(=O)N2CCC[C@H]2[C@]3(N1C(=O)[C@](O3)(C(C)C)NC(=O)[C@H]4CN([C@@H]5CC6=C(NC7=CC=CC(=C67)C5=C4)Br)C)O.CS(=O)(=O)O,0
CC1=C(C2=C(N1C(=O)C3=CC=C(C=C3)Cl)C=CC(=C2)OC)CC(=O)OCC(=O)O,0
CC1=C(C2=C(N1C(=O)C3=CC=C(C=C3)Cl)C=CC(=C2)OC)CC(=O)O,0
C[C@H]1[C@H]([C@H](C[C@@H](O1)O[C@H]2C[C@@](CC3=C2C(=C4C(=C3O)C(=O)C5=C(C4=O)C(=CC=C5)OC)O)(C(=O)CO)O)N)O,0
C[C@H]1[C@H]([C@H](C[C@@H](O1)O[C@H]2C[C@@](CC3=C2C(=C4C(=C3O)C(=O)C5=C(C4=O)C(=CC=C5)OC)O)(C(=O)C)O)N)O.Cl,0
C[C@H]1[C@@H]([C@H](C[C@@H](O1)O[C@H]2C[C@@](CC3=C2C(=C4C(=C3O)C(=O)C5=C(C4=O)C(=CC=C5)OC)O)(C(=O)CO)O)N)O.Cl,0
C1CCN(CC1)C2=NC(=NC3=C2N=C(N=C3N4CCCCC4)N(CCO)CCO)N(CCO)CCO,0
CC(=O)O[C@@H]1[C@H]2CC[C@@H]3[C@]1(C[C@H]([C@]4([C@H]([C@]3(C)O)C[C@@H](C4(C)C)O)O)O)C[C@@]2(C)O,0
C[C@@H]1[C@@H](C(=O)N[C@@H](C(=O)N2CCC[C@H]2C(=O)N(CC(=O)N([C@H](C(=O)O1)C(C)C)C)C)C(C)C)NC(=O)C3=C4C(=C(C=C3)C)OC5=C(C(=O)C(=C(C5=N4)C(=O)N[C@H]6[C@H](OC(=O)[C@@H](N(C(=O)CN(C(=O)[C@@H]7CCCN7C(=O)[C@H](NC6=O)C(C)C)C)C)C(C)C)C)N)C,0
CCCCOC(=O)C1=CC(=O)CC(O1)(C)C,0
CCC1(CCC(=O)NC1=O)C2=CC=C(C=C2)N,0
C1CCN2CC3CC(C2C1)CN4C3CCCC4=O.OCl(=O)(=O)=O,0
C[C@@]12CC[C@H]([C@@]([C@H]1CCC(=C)[C@H]2C/C=C/3\[C@@H](COC3=O)O)(C)CO)O,0
C1CN1P(=S)(N2CC2)N3CC3,0
C1CN(CCC1(C2=CC(=C(C=C2)Cl)C(F)(F)F)O)CCCC(C3=CC=C(C=C3)F)C4=CC=C(C=C4)F,0
CC1=CC2=C(C=C1C)N(C3=NC(=O)NC(=O)C3=N2)C[C@@H]([C@@H]([C@@H](COP(=O)(O)[O-])O)O)O.[Na+],0
CC1=CC2=C(C=C1C)N(C3=NC(=O)NC(=O)C3=N2)C[C@@H]([C@@H]([C@@H](CO)O)O)O,0
C([C@@H]1[C@@H]([C@@H]([C@H]([C@H](O1)O[C@]2([C@H]([C@@H]([C@H](O2)CCl)O)O)CCl)O)O)Cl)O,0
C[C@@H]1[C@H]([C@H](C[C@@H](O1)O[C@H]2CC[C@]3([C@@H](C2)CC[C@@H]4[C@@H]3C[C@H]([C@]5([C@@]4(CC[C@@H]5C6=CC(=O)OC6)O)C)O)C)O)O[C@H]7C[C@@H]([C@@H]([C@H](O7)C)O[C@H]8C[C@@H]([C@@H]([C@H](O8)C)O[C@H]9[C@@H]([C@H]([C@@H]([C@H](O9)CO)O)O)O)OC(=O)C)O,0
C[N+]1=C2C=C(C=CC2=CC3=C1C=C(C=C3)N)N.[Cl-],0
CCN(CCCCOC(=O)C1=CC(=C(C=C1)OC)OC)C(C)CC2=CC=C(C=C2)OC.Cl,0
CCC(COC(=O)C1=CC(=C(C(=C1)OC)OC)OC)(C2=CC=CC=C2)N(C)C.C(=C\C(=O)O)\C(=O)O,0
C1CCNC(=O)/C=C/[C@]23CCC(=O)C[C@H]2OC4=C3C=C(C=C4)/C=C/C(=O)NCCCNC1,0
C=CC(C)(O)CCC1C(=C)CC(OC(C)=O)C2C(C)(C)CCCC12C,0
C1=CC(=CC=C1CCC(=O)C2=C(C=C(C=C2O[C@H]3[C@@H]([C@H]([C@@H]([C@H](O3)CO)O)O)O)O)O)O,0
C[C@@H]1CC[C@@]2([C@H]([C@H]3[C@@H](O2)C[C@@H]4[C@@]3(CC[C@H]5[C@H]4CC=C6[C@@]5(CC[C@@H](C6)O)C)C)C)NC1,0
CCOC(=O)NC1=C(N=C(C=C1)NCC2=CC=C(C=C2)F)N.C(=C\C(=O)O)\C(=O)O,0
CN(C)CCN(CC1=CC=C(C=C1)Cl)C2=CC=CC=N2.Cl,0
CN(C)CCN(CC1=CC=CC=C1)C2=CC=CC=N2.C(C(=O)O)C(CC(=O)O)(C(=O)O)O,0
CN(C)CCN(CC1=CC=C(C=C1)OC)C2=CC=CC=N2.C(=C\C(=O)O)\C(=O)O,0
C1=CC(=C(C(=C1)Cl)Cl)C2=C(N=C(N=N2)N)N,0
CC(=O)NCCC1=CC(=C(C=C1)O)C2=C(C3=C(C(=C2O)O)C(=O)C4=CC(=C(C(=C4C3=O)C(=O)O)C(=O)O)O)O,0
CCCCCCCCCCCCCCCCOc1nc2ccc(C)cc2c(=O)o1,0
COC1=CC2=C(C=C1)C(=O)/C(=C/C3=CC(=C(C=C3)OC)O)/CO2,0
C[C@@]12CCC3=C(C1=CC(=O)O[C@H]2C4=COC=C4)C[C@@H]5C(=O)[C@]3([C@H](C(C5=O)(C)C)CC(=O)OC)C,0
C1CNCCN(C1)S(=O)(=O)C2=CC=CC3=C2C=CN=C3.Cl,0
CC(=O)C12OC1(C)CC1C3CC=C4CC(O)CCC4(C)C3CCC12C,0
CC1=CC=C(C=C1)S(=O)(=O)NC(=O)NN2CCCCCC2,0
C[C@]12C[C@@H]([C@]3([C@H]([C@@H]1C[C@@H]4[C@]2(OC(O4)(C)C)C(=O)CO)CCC5=CC(=O)C=C[C@@]53C)F)O,0
CC(=O)OCC(=O)[C@@]12[C@@H](C[C@@H]3[C@@]1(C[C@@H]([C@]4([C@H]3C[C@@H](C5=CC(=O)C=C[C@@]54C)F)F)O)C)OC(O2)(C)C,0
CCCC1O[C@@H]2C[C@H]3[C@@H]4CCC5=CC(=O)C=C[C@@]5([C@H]4[C@H](C[C@@]3([C@@]2(O1)C(=O)CO)C)O)C,0
C[C@]12C[C@@H]([C@]3([C@H]([C@@H]1C[C@@H]4[C@]2(OC(O4)(C)C)C(=O)CO)C[C@@H](C5=CC(=O)C=C[C@@]53C)F)F)O,0
C[C@]12C[C@@H]([C@H]3[C@H]([C@@H]1C[C@@H]4[C@]2(OC(O4)(C)C)C(=O)CO)CCC5=CC(=O)C=C[C@]35C)O,0
C[C@]12C[C@@H]([C@H]3[C@H]([C@@H]1C[C@@H]4[C@]2(OC(O4)(C)C)C(=O)CO)C[C@@H](C5=CC(=O)C=C[C@]35C)F)O,0
C1CCN[C@H](C1)[C@H](C2=CC(=NC3=C2C=CC=C3C(F)(F)F)C(F)(F)F)O.Cl,0
CC1(C(=C(C(=O)O1)OCC2CC2)C3=CC=C(C=C3)S(=O)(=O)C)C,0
C[N+](C)(CCOc1ccccc1)Cc1ccccc1.O=C([O-])c1cc2ccccc2cc1O,0
CC(C)[C@@H](C(=O)OCC(CO)OCN1C=NC2=C1N=C(NC2=O)N)N.Cl,0
CC(C)[C@@H](C(=O)OCCOCN1C=NC2=C1N=C(NC2=O)N)N.Cl,0
Nc1nc2c(ncn2COC(CO)CO)c(=O)[nH]1.O,0
C1=NC2=C(N1COCCO)N=C(NC2=O)N,0
CC[C@@]1(C[C@@H]2C[C@@](C3=C(CCN(C2)C1)C4=CC=CC=C4N3)(C5=C(C=C6C(=C5)[C@]78CCN9[C@H]7[C@@](C=CC9)([C@H]([C@@]([C@@H]8N6C=O)(C(=O)OC)O)OC(=O)C)CC)OC)C(=O)OC)O.OS(=O)(=O)O,0
CC[C@@]1(C[C@@H]2C[C@@](C3=C(CCN(C2)C1)C4=CC=CC=C4N3)(C5=C(C=C6C(=C5)[C@]78CCN9[C@H]7[C@@](C=CC9)([C@H]([C@@]([C@@H]8N6C)(C(=O)OC)O)OC(=O)C)CC)OC)C(=O)OC)O.OS(=O)(=O)O,0
C1CC1CN2CC[C@]34[C@@H]5C(=O)CC[C@]3([C@H]2CC6=C4C(=C(C=C6)O)O5)O.Cl,0
C1=CC=C(C=C1)N=NC2=C(N=C(C=C2)N)N.Cl,0
C[C@]12CCCC([C@@H]1CC[C@@]([C@@H]2CC[C@](C)(C=C)O)(C)O)(C)C,0
CC(C)C1=CC2=C(C=C1)[C@]3(CCC[C@@](C3CC2=O)(C)C(=O)OC)C,0
C1CN(CCN1CC2=CC3=C(C=C2)OCO3)C(=O)COC4=CC=C(C=C4)Cl.Cl,0
CC1=C2[C@H](C(=O)[C@@]3([C@H](C[C@@H]4[C@]([C@H]3[C@@H]([C@@](C2(C)C)(C[C@@H]1OC(=O)[C@@H]([C@H](C5=CC=CC=C5)NC(=O)C6=CC=CC=C6)O)O)OC(=O)C7=CC=CC=C7)(CO4)OC(=O)C)O)C)OC(=O)C,0
C1C=C2C(=CC(=O)O2)C(O1)O,1
CN1CC[C@@]23CCCC[C@@H]2[C@@H]1CC4=C3C=C(C=C4)OC.Br,0
C[C@@]12[C@H]3CC[C@@H]([C@@]1(C(=O)OC2=O)C)O3,0
CN1C(S(=O)(=O)CCC1=O)C2=CC=C(C=C2)Cl,0
CC(C)N1C2=CC=CC=C2C(=C1/C=C/[C@H](C[C@H](CC(=O)[O-])O)O)C3=CC=C(C=C3)F.[Na+],0
CN(C)CC/C=C\1/C2=CC=CC=C2SC3=C1C=C(C=C3)Cl.Cl,0
CC[C@@H]1[C@@]([C@H]2[C@H]([C@H]([C@@H](C[C@@]([C@@H]([C@H]([C@@H]([C@H](C(=O)O1)C)O[C@H]3C[C@@]([C@H]([C@@H](O3)C)O)(C)OC)C)O[C@H]4[C@@H]([C@H](C[C@H](O4)C)N(C)C)O)(C)O)C)N[C@H](O2)COCCOC)C)(C)O,0
C1CCN2C[C@@H]3C[C@H]([C@H]2C1)CN4[C@H]3CCCC4.OS(=O)(=O)O,0
CC(=O)OC1=CC=C(C=C1)C(C2=CC=C(C=C2)OC(=O)C)C3=CC=CC=N3,0
C1CCC2(C1)CC(=O)N(C(=O)C2)CCCCN3CCN(CC3)C4=NC=CC=N4.Cl,0
CC[C@H](C)C(=O)O[C@H]1C[C@H](C=C2[C@H]1[C@H]([C@H](C=C2)C)CC[C@@H]3C[C@H](CC(=O)O3)O)C,0
CCC(C)(C)C(=O)O[C@H]1C[C@H](C=C2[C@H]1[C@H]([C@H](C=C2)C)CC[C@@H]3C[C@H](CC(=O)O3)O)C,0
CC[C@H](C)C(=O)O[C@H]1CCC=C2[C@H]1[C@H]([C@H](C=C2)C)CC[C@@H]3C[C@H](CC(=O)O3)O,0
CSC1=NC2=CC(=C(C=C2N1)Cl)OC3=C(C(=CC=C3)Cl)Cl,0
C[C@H]1/C=C/C=C(\C(=O)NC2=C(C(=C3C(=C2O)C(=C(C4=C3C(=O)[C@](O4)(O/C=C/[C@@H]([C@H]([C@H]([C@@H]([C@@H]([C@@H]([C@H]1O)C)O)C)OC(=O)C)C)OC)C)C)O)O)/C=N/N5CCN(CC5)C6CCCC6)/C,1
CC1(C(=O)N(C(=O)N1)C2=CC(=C(C=C2)[N+](=O)[O-])C(F)(F)F)C,0
CN1C(=NN=N1)SCC2=C(N3[C@@H]([C@@](C3=O)(NC(=O)C4SC(=C(C(=O)N)C(=O)O)S4)OC)SC2)C(=O)O,0
C1[C@H](C(=O)NO1)N,0
C1[C@H](C(=O)NO1)N,0
CC(=O)NC1=NN=C(S1)S(=O)(=O)N,0
CC[C@@H]([C@H](C)O)N1C(=O)N(C=N1)C2=CC=C(C=C2)N3CCN(CC3)C4=CC=C(C=C4)OC[C@H]5C[C@](OC5)(CN6C=NC=N6)C7=C(C=C(C=C7)F)F,0
CCN(CC)CCOCCOC(=O)C1(CCCC1)C2=CC=CC=C2.C(C(=O)O)C(CC(=O)O)(C(=O)O)O,0
CCNC1(CCCCC1=O)C2=CC=CS2.Cl,0
CNCC[C@@H](C1=CC=CS1)OC2=CC=CC3=CC=CC=C32.Cl,0
COC1=C(C=C(C=C1)Cl)C(=O)NCCC2=CC=C(C=C2)S(=O)(=O)NC(=O)NC3CCCCC3,0
CC1=CC=C(C=C1)S(=O)(=O)O.CN1CCC2=C(C1)SC(=N2)C(=O)N[C@@H]3C[C@H](CC[C@@H]3NC(=O)C(=O)NC4=NC=C(C=C4)Cl)C(=O)N(C)C.O,0
